rental_id,rent,bedrooms,bathrooms,size_sqft,min_to_subway,floor,building_age_yrs
1545,2550,0,1,480,9,2,17
2472,11500,2,2,2000,4,1,96
2919,4500,1,1,916,2,51,29
2790,4795,1,1,975,3,8,31
3946,17500,2,2,4800,3,4,136
10817,3800,3,2,1100,3,5,101
9077,1995,0,0,600,6,1,115
5150,2995,0,1,579,6,21,33
9507,15000,2,2,1715,0,30,2
1437,4650,1,1,915,5,5,106
404,2950,1,1,550,43,17,14
8293,6920,3,2,1439,7,9,39
6594,4875,1,1,900,1,14,52
2964,4850,1,1,789,2,40,11
5405,3700,1,1,947,5,5,85
5635,4200,2,1,900,4,8,111
5832,2195,1,1,500,3,3,106
7050,4200,1,1,,3,15,52
476,9000,2,2,1749,4,15,10
3491,4950,1,1,870,2,9,11
2172,3000,0.5,1,573,11,8,31
2443,2450,1,1,700,3,2,106
11328,1950,0,1,400,6,3,56
6142,3375,1,1,652,3,12,15
6216,2395,2.5,1,1000,3,1,106
9535,4990,1,1,823,5,22,44
4678,7495,2,2,1431,3,4,10
5169,10000,1,2,1600,2,3,5
5230,3090,2,1,800,10,3,106
1710,10904,3,3,1307,6,26,6
11111,2100,0,1,410,8,3,106
10393,2499,0,1,400,2,3,116
9177,3650,2,1,763,10,30,27
9536,3800,2,1,900,4,6,116
133,9800,2,2,1270,7,7,6
4687,4350,1,1,783,2,6,29
4557,2495,2,1,800,4,4,96
403,3625,1,1,650,43,19,14
899,9000,2,2,1250,13,46,9
4733,5800,2,2,1200,2,6,75
2154,3295,1,1,465,5,2,29
1348,2200,0,1,325,6,24,87
10158,5485,2,1,1028,7,24,39
668,2950,0,1,765,2,4,29
4268,2750,1,1,600,9,12,57
10716,8200,2,2,1431,9,8,7
6366,2000,2,1,750,3,1,106
9899,4995,3,1,1100,2,2,13
8005,1875,2,1,900,3,4,91
8976,3900,1,1,750,6,6,106
3637,2400,0,1,500,9,1,106
9019,5325,1,1,697,2,36,13
5275,3500,0,1,525,5,6,105
5877,3900,1,1,643,4,10,2
1694,3375,2,1,800,6,2,106
7995,6400,2,2,1094,3,8,9
11213,12500,2,2,2082,2,2,101
2156,2595,0,1,285,5,10,86
1115,2199,2,1,900,11,3,106
1886,2430,0,1,330,2,7,89
1001,10000,2,2,1318,3,15,30
5402,6400,3,2,1100,4,3,13
3482,5895,2,2,1250,1,25,112
6128,2600,0,1,490,3,10,15
3736,4700,1,1,500,2,3,116
2309,6000,2,2,1428,3,15,88
1148,4995,2,1,866,2,5,25
8320,3388,0,1,825,4,4,47
5736,3483,1,1,735,9,4,87
1904,2900,2,1,1250,2,2,96
2376,4600,1,1,890,2,8,10
10520,1695,1,1,750,1,4,87
7224,2700,0,1,542,6,22,28
1380,11750,4,3,3100,2,11,111
6843,5080,1,1,850,2,26,42
1554,4890,1,1,815,43,7,8
6566,3800,1,1,750,13,21,9
3068,5200,3,2,2000,5,4,106
3515,2800,0,1,450,4,5,43
1645,6000,2,2,1200,9,4,105
2704,2100,0,1,400,5,2,101
3187,2300,1,1,500,6,3,96
6882,16750,3,3,2850,1,27,102
5974,6400,2,1,1151,3,7,87
8071,5595,2,2,1170,4,28,85
6519,2800,0,1,466,5,4,10
9663,3219,0,1,533,4,17,47
1239,8500,2,2,1244,1,6,9
2295,10000,2,2,1508,1,7,89
3466,3775,1,1,600,0,2,56
11163,4350,1,1,880,7,14,16
5852,3995,1,1,899,1,14,112
3458,4995,2,2,1153,43,16,9
4076,7195,5,2,2430,5,5,96
500,7600,2,2,1500,5,9,2
960,2995,1,1,350,1,5,116
6080,4490,1,1,620,4,29,16
7072,3450,3,2,1800,2,5,101
8996,3800,1,1,700,13,19,9
11177,14662,4,3,1732,4,10,113
2894,2575,0,1,490,3,8,15
10706,3750,1,1,700,3,5,90
8378,6695,2,2,1033,2,17,30
3842,5500,1,1,1165,5,22,37
7418,5475,1,1,1094,2,38,30
10549,4910,2,2,933,10,10,16
10485,5150,1,1,695,3,18,52
2474,4950,1,1,1115,5,2,37
6356,5225,1,1,770,3,11,52
7024,13750,3,3,1920,43,8,8
292,4500,1,1,755,7,43,6
5416,2200,1,1,675,4,4,88
7667,4000,1,1,840,10,40,30
7220,4300,0,1,559,3,24,11
428,2750,1,1,730,5,3,9
5671,5120,2,2,1003,10,7,16
2409,5895,2,2,1200,2,18,13
1935,11723,3,2,1540,1,8,89
6553,4270,1,1,630,2,12,13
4977,2995,0,1,548,2,11,13
7800,2150,1,1,687,4,2,96
1122,3500,1,1,651,6,34,37
7889,2150,1,1,650,7,2,115
7731,2350,0,1,400,5,16,30
9184,4499,2,1,837,6,14,37
8612,3815,1,1,665,8,23,16
2008,3200,2,1,850,7,3,60
11007,1625,1,1,560,6,2,96
3874,3500,1,1,722,12,32,32
9498,3495,1,1,686,10,34,29
5886,2025,0,1,350,3,4,90
1334,2700,3,1,750,2,1,112
5095,3550,1,1,748,6,9,10
3698,6000,1,1,1500,2,2,151
2940,4750,2,2,917,3,4,15
1751,2800,0,1,520,2,24,9
5128,5000,1,1,707,2,5,8
4967,3500,2,2,1050,5,4,96
3137,6800,2,2,1295,11,34,15
5939,2775,0,1,500,3,22,30
3037,7900,2,2,1160,2,9,75
4290,3995,1,1,800,3,5,27
11237,9950,1,2,2050,3,4,52
1510,3400,1,1,800,7,3,16
1225,3300,1,1,725,4,5,91
9369,11000,2,2,3000,0,2,116
3095,3250,2,1,850,5,3,116
10058,5700,2,2,1176,12,2,7
1861,7246,2,2,1080,1,10,89
1034,5688,2,2,1260,7,7,39
2450,6350,1,2,1352,1,2,126
6690,2800,0,1,351,1,2,29
583,5740,1,1,761,5,15,6
4717,3500,2,2,1031,3,6,13
11262,12500,3,3,2500,5,6,96
6266,2695,0,1,625,9,7,8
7236,2895,0,1,506,2,18,41
4725,16500,2,2,1895,9,4,1
4937,5000,1,1,764,2,20,38
574,6600,2,2,1100,2,12,92
7665,3490,2,2,800,6,4,106
10770,4800,2,2,1000,3,8,96
3136,4050,1,1,805,11,20,15
750,5850,1,1,752,3,33,6
7782,2300,1,1,650,3,3,76
2660,3275,0,1,480,4,9,86
4674,4095,1,1,713,4,9,19
3595,2995,2,1,800,3,2,106
5881,,2,2,1076,5,11,30
10368,3920,1,1,718,4,4,16
76,4795,1,1,707,7,10,16
8862,3800,1,1,600,2,14,9
3978,12500,3,3,1833,5,14,2
17,5000,1,1,805,4,4,9
4630,4365,0,1,619,3,37,6
10804,3950,1,1,899,1,3,112
5030,4000,1,1,740,2,17,14
3200,3905,1,1,809,7,26,39
461,4000,1,1,700,3,4,62
874,2750,0,1,475,1,5,25
9903,3631,1,1,707,3,1,71
9566,2095,0,1,410,8,2,106
7532,7995,2,2,852,3,6,106
8562,2995,0,1,579,4,2,55
137,18450,2,2,830,2,7,29
919,4250,1,1,800,13,46,9
4111,4995,1,1,972,7,10,6
10528,4200,0,1,530,1,17,90
210,4300,1,1,700,5,9,37
1543,14000,2,2,2000,4,55,33
1432,8250,2,2,1406,4,3,11
2069,3950,1,1,750,2,2,106
10349,5995,1,2,1815,4,1,96
9154,4785,1,1,823,5,17,44
6221,4800,2,2,1150,12,35,27
3610,3595,1,1,620,11,9,31
6352,4500,2,2,1041,10,6,27
3560,5415,1,1,767,2,29,8
2524,5500,1,1,1145,4,2,11
6158,3700,2,1,850,4,4,53
7122,1700,1,1,400,8,3,5
5981,2799,0,1,750,3,3,96
1704,9300,3,3,1800,3,12,100
4626,4990,1,1,643,3,32,6
7027,7795,3,2,1266,1,5,43
4317,6000,2,2,900,1,26,31
8711,2450,0,1,450,2,10,93
2710,7000,4,3,2200,6,16,57
6035,3250,0,1,570,2,3,86
3332,5495,1,1,860,2,19,30
3828,4050,1,1,834,2,6,58
10031,3900,1,1,720,4,8,7
8229,3195,1,1,574,2,11,99
7471,3000,1,1,496,2,4,28
9496,3700,1,1,642,10,32,29
6312,7950,2,2,1280,2,45,38
7680,2995,1,1,610,2,19,29
6727,2600,0,1,437,12,3,8
247,2095,0,1,410,8,2,106
9660,5668,2,2,1022,4,21,47
118,7995,3,2,1518,3,4,31
2147,3190,1,1,650,6,1,106
2896,2300,1,1,400,12,2,106
479,4950,2,2,917,3,9,15
1465,3100,1,1,475,3,2,116
5799,6400,3,2,1300,11,4,17
8705,3950,1,1,800,2,10,8
3291,4400,1,1,500,3,2,106
2466,6450,2,2,1025,6,3,2
5009,3100,1,1,757,4,18,19
10181,7700,2,2,1175,2,36,6
8548,18250,4,4,2700,2,4,85
78,13500,3,3,1868,43,32,8
8656,5780,3,2,1300,2,12,38
1732,6800,2,2,1280,3,35,11
1583,3300,2,1,750,12,3,96
3664,5500,2,1,1000,3,5,101
4534,1750,2,1,500,4,1,100
3314,8500,2,2,1478,9,54,15
2272,2650,0,1,482,6,30,28
4594,3700,1,1,763,3,6,31
6371,6000,1,1,923,1,34,51
3901,5145,2,2,1038,7,17,39
146,2600,1,1,525,2,5,115
8023,1600,0,1,550,7,3,106
2584,3058,0,1,533,4,19,47
5653,4475,0,1,583,8,12,10
1827,4950,1,1,927,3,32,29
10940,3932,1,1,678,4,9,47
1511,3000,1,1,730,2,7,53
1767,5150,3,1,910,9,31,86
6093,3450,1,1,750,2,7,96
6174,2250,2,1,750,7,4,102
3366,4260,2,1,958,10,30,27
5068,4375,1,1,668,2,23,16
1306,10995,3,3,1800,7,30,9
2468,2900,1,1,600,12,16,27
1102,4200,1,1,690,7,6,6
3751,7500,3,2,1425,3,6,54
3289,3665,1,1,674,4,8,47
54,3800,3,2,1100,5,6,96
10552,2995,1,1,800,4,1,66
2361,3935,1,1,752,6,4,14
5077,2495,0.5,1,500,6,4,96
1128,3400,1,1,636,4,5,31
4672,5535,2,2,971,8,25,16
2593,3600,1,1,643,3,13,8
4496,5440,2,2,1120,3,14,30
6774,1950,0,1,400,6,7,75
1019,4100,1,1,600,6,24,6
532,2200,0,1,275,1,3,116
3307,7000,2.5,2,1367,3,20,29
10327,4695,2,2,1033,4,2,108
4966,5300,1,1,855,1,11,8
4184,7900,2,2,1025,6,5,2
866,3600,1,1,648,4,4,2
3240,1950,2,1,900,3,5,91
10276,7500,2,2,1600,2,3,116
4125,5150,1,1,719,4,6,9
4000,4730,2,2,829,3,21,15
8349,1460,0,1,305,5,3,57
3343,5300,1,2,1141,6,5,113
3034,9995,3,3,1947,1,8,90
8905,3950,1,1,679,1,6,29
4832,2685,1,1,550,3,10,53
7751,2695,1,1,700,2,5,106
2685,3500,1,1,625,4,19,42
9348,4000,2,1,1024,2,16,51
3607,14000,2,2,2556,1,2,132
9474,9950,1,1,1238,2,2,3
9608,3675,1,1,900,2,4,55
5006,7250,2,2,1150,1,3,25
876,3425,0,1,465,2,8,17
10531,2125,0.5,1,500,9,6,86
11182,4200,1,1,800,2,5,106
684,2999,1,1,600,2,16,65
3089,5100,1,1,720,3,11,115
2324,5256,2,2,979,3,30,13
5536,3688,0,1,766,4,17,47
5689,2595,1,1,650,4,4,106
7820,3850,1,1,800,7,16,34
9900,4000,1,1,687,3,16,31
11344,3290,1,1,750,2,10,89
7100,2100,1,1,650,4,5,88
4726,5200,4,2,1000,2,2,116
9810,10000,2,2,1350,2,53,38
7062,6300,2,2,1260,8,5,46
5347,4870,2,2,972,4,8,28
5685,4500,1,2,890,9,3,106
4128,6000,1,1,801,1,1,3
9612,2500,2,1,800,4,4,96
7158,14500,4,5,2700,8,30,18
7215,4000,1,1,555,2,4,8
4016,2150,1,1,669,6,2,4
2916,12000,2,2,1828,4,7,76
4295,2300,0,1,425,8,12,28
3097,10780,3,2,1608,6,12,5
9843,1650,1,1,585,1,4,96
1224,5350,1,1,900,1,15,51
9377,4495,2,2,951,12,20,32
363,14500,2,2,1400,2,3,98
9444,3800,2,2,1100,5,10,12
251,1800,1,1,670,4,1,116
10425,2450,0,1,400,2,3,116
2298,6000,1,1,1000,2,2,116
1036,2750,2,1,750,14,3,116
8108,5050,1,1,985,5,39,37
5596,2200,1,1,550,2,2,108
3536,3085,0,1,506,5,10,44
4115,3650,0,1,517,6,2,2
9482,3800,1,1,710,6,31,37
7926,3500,0,1,585,2,3,17
2526,10500,4,2,1900,5,9,84
3306,7999,4,2,1825,5,11,91
5936,4185,1,1,884,10,42,27
3524,3350,0,1,400,2,25,26
7950,2850,3,1,850,2,5,96
10624,3323,3,1,1400,3,3,96
8345,4300,2,1,650,3,3,116
334,5900,1,1,980,3,24,33
10231,3200,2,1,900,8,6,76
1737,10662,3,4,2044,2,9,85
318,6650,2,2,1143,6,30,10
385,3800,1,1,682,3,12,31
2572,4080,1,1,560,1,2,29
2478,5000,2,2,1000,2,1,116
6689,3500,1,1,700,1,5,91
4476,7500,2,2,1487,10,9,9
6240,4575,0,1,853,3,11,52
7057,4000,1,1,775,2,4,90
10931,3925,0,1,572,0,11,4
4059,5500,1,2,934,2,18,29
10086,8500,3,2,1650,2,18,14
2938,3300,3,2,1300,2,2,96
595,15000,2,3,2800,6,4,109
1823,4950,1,1,812,4,5,19
2294,9995,3,3,1552,3,9,13
3468,3495,1,1,771,2,7,90
9034,2600,2,1,740,12,2,101
5274,3000,2,1,800,3,1,96
3348,5855,2,2,1171,10,9,27
6696,4500,1,1,874,2,3,25
4227,7995,1,1,1075,4,33,33
974,18000,4,4,3160,1,5,79
8649,2450,0,1,475,3,15,85
6794,3791,1,1,585,12,16,4
5876,5600,1,1,865,2,9,85
9421,3945,1,1,609,5,3,9
509,3000,0,1,613,3,7,31
7711,7500,2,2,1400,4,6,90
260,3950,1,1,606,2,37,6
3662,3450,0,1,500,1,1,3
7128,3200,1,1,717,2,5,28
10453,5850,1,1,850,2,24,30
11225,10995,4,3,2200,4,12,90
4987,2800,0,1,550,1,3,58
10335,2575,0,1,386,10,20,29
9711,1599,0,1,343,6,16,55
4448,3400,1,1,606,6,26,37
6251,2995,2,1,900,5,4,106
6425,3790,1,1,752,7,5,7
6712,4195,1,1,760,2,5,55
5216,9415,3,2,1650,10,14,53
10298,1795,1,1,800,3,4,79
8639,6000,1,1,982,7,50,6
3932,4765,1,1,741,4,6,2
7873,5250,1,1,896,4,6,8
922,17500,3,3,2433,3,20,9
1564,5250,2,1,861,4,15,37
1331,3845,1,1,841,5,4,17
2967,8000,2,2,1907,1,34,102
5123,3560,1,1,698,6,5,14
5808,1775,0,1,400,5,3,96
7056,5100,2,2,1040,2,5,90
608,8000,3,3,2084,2,9,85
6209,7650,1,1,900,1,9,11
1608,15000,3,3,2070,3,19,29
6450,3100,0,1,520,1,18,53
2234,2445,0,1,500,4,2,96
2176,5200,1,1,861,4,14,37
2444,3285,0,1,494,3,7,54
5738,10000,2,1,1500,1,6,106
5693,5250,1,1,850,2,25,42
1172,4600,3,2,1013,2,6,96
372,4450,2,2,1350,6,18,53
8756,9000,3,3,1800,3,8,100
3974,7000,2,2,1325,2,27,8
9257,15000,3,3,1981,9,16,11
4167,2995,1,1,750,2,12,91
1709,4200,1,1,719,4,2,9
7630,2600,0,1,400,5,18,30
3502,9700,4,3,2000,2,10,75
1297,6058,2,2,1222,13,9,1
1712,11257,5,3,2000,9,8,6
101,5000,1,1,700,3,,16
8383,2400,0,1,503,1,12,30
3659,3250,0,1,525,6,9,14
200,14000,2,2,2000,4,55,33
9217,4035,0,1,490,3,41,6
8027,3395,1,1,620,9,6,15
6567,14000,3,3,2153,1,6,9
10802,2825,0,1,538,1,18,112
6846,2050,0,1,300,8,1,106
5106,2995,0,1,500,2,3,50
10550,5050,2,2,1195,4,2,28
2453,5900,0,1,1650,1,3,11
8708,2450,0,1,550,6,13,52
8212,2200,0,1,400,8,4,86
8478,3730,1,1,740,2,28,9
6892,5600,1,1,909,1,10,6
9698,2800,1,1,600,5,5,96
657,11000,2,2,2101,1,3,110
4376,4350,1,1,643,4,14,2
8584,3900,1,1,850,3,1,106
11130,6500,2,2,1175,2,42,6
3926,7495,2,1,650,3,6,106
1335,2999,1,1,800,4,2,96
5698,2595,1,1,600,7,5,106
1240,5250,2,2,1000,2,6,34
4120,5995,2,2,1500,2,4,89
5684,3946,1,1,547,1,12,29
10680,7800,2,2,1404,43,35,10
5731,3200,0,1,613,3,3,31
5930,4950,2,1,900,5,3,116
7836,3650,2,1,850,43,3,14
2961,2600,0,1,570,2,19,13
9521,3100,4,1,1000,2,2,109
4877,4500,2,1,900,3,2,116
655,5250,1,1,724,5,14,9
10364,3375,1,1,658,6,15,14
3514,4600,2,1,955,16,8,65
3305,3675,1,1,650,3,26,31
10083,3350,1,1,800,1,5,116
1635,3500,1,1,760,5,3,8
731,6250,2,1,800,1,8,87
8617,4700,1,1,941,7,22,39
654,2485,0,1,550,8,4,55
396,12500,3,3,1776,7,6,9
6538,4615,1,1,775,9,7,86
8581,3250,0.5,1,650,4,15,85
5590,4000,1,1,900,16,12,65
51,2000,0,1,400,5,5,53
814,3950,1,1,860,2,33,29
6083,2099,0,1,300,1,3,116
4680,10000,2,2,1849,2,4,89
5130,3195,0,1,620,10,3,18
2131,2750,0,1,428,3,12,15
6054,2950,0,1,525,5,20,30
2419,5400,1,1,855,1,14,8
9514,5100,1,1,767,2,10,9
5987,2150,1,1,615,4,5,12
8834,4800,2,2,1150,3,6,30
1842,3415,1,1,592,1,7,116
3402,5995,2,1,950,3,5,116
5480,3695,1,1,1000,4,14,89
9728,2650,0,1,547,2,2,86
1024,4600,1,1,750,6,3,106
8321,2790,0,1,472,4,4,47
3912,3700,1,1,800,1,4,25
7625,4500,2,1,864,5,30,30
5000,14500,3,3,1800,2,31,22
8018,3550,1,1,642,10,29,29
5673,3535,1,1,702,5,10,17
4531,9000,1,2,1800,2,5,116
3937,4000,1,1,639,5,8,37
9013,3323,0,1,431,2,21,16
5583,6495,3,2,1195,3,28,37
9363,2400,1,1,400,5,2,76
4779,4600,2,2,1100,10,12,57
1339,8000,2,2,1436,1,7,47
1488,4495,2,1,801,6,21,31
420,2900,1,1,700,3,4,30
3897,6080,2,2,1211,5,31,17
10523,5100,4,1,1200,7,5,41
5070,3453,0,1,514,12,6,4
4187,9000,2,2,1611,1,9,8
6612,9350,2,2,1700,2,14,85
1976,3510,1,1,788,7,4,29
134,4506,2,1,1134,2,20,85
400,4000,1,1,550,2,9,89
4077,3000,0,1,620,9,17,46
9218,3370,1,1,583,10,12,16
8667,6310,2,2,988,5,3,9
1020,4995,2,2,908,7,15,29
9203,3495,1,1,773,3,30,29
10908,3823,0,1,924,3,15,44
666,12500,4,3,2150,2,25,38
5108,12000,5,3,3425,2,8,111
7025,7995,3,2,1317,4,9,7
8964,3100,1,1,683,1,4,30
10340,4610,1,1,602,3,8,16
642,4768,1,1,600,2,39,16
3597,3650,1,1,709,4,3,116
6179,2750,0,1,500,3,4,28
2530,3900,3,1,1100,1,6,96
2220,4000,1,1,768,2,37,9
4656,5500,1,1,900,4,5,96
1907,1850,2,1,550,2,2,116
10321,3150,1,1,770,8,7,55
10056,2400,1,1,775,2,2,95
8405,11500,2,2,1644,1,5,89
3763,2700,0,1,560,6,15,44
8379,9950,3,2,1900,16,16,28
6114,3200,1,1,670,1,7,29
6120,4495,1,1,778,3,34,13
2802,3150,1,1,700,12,8,32
11268,5500,0,1,1200,4,9,109
4624,3950,1,1,737,1,9,19
5297,4200,4,2,2000,7,5,90
9078,3195,2,1,850,3,4,106
6702,4000,1,1,850,7,12,34
2341,9995,2,2,1809,5,11,86
10801,5125,2,2,1034,2,10,90
3378,2625,0,1,565,1,2,12
1781,3225,0,1,520,2,30,14
3074,5950,1,1,732,8,16,10
2306,2650,0,1,500,2,7,53
151,7500,1,1,992,5,14,86
9393,5200,4,2,1500,1,1,91
9189,6650,2,2,1171,3,6,61
10332,2450,0,1,435,8,20,28
2208,6700,2,1,1000,1,29,51
6099,7195,2,2,1450,2,7,10
6950,3350,0,1,428,10,4,0
9475,4686,1,1,759,43,7,8
1792,4500,1,1,938,1,7,180
2210,2600,0,1,452,3,32,29
2636,3000,1,1,703,4,5,27
6635,6950,2,2,1150,2,15,6
877,4650,1,1,670,2,20,17
8560,3350,1,1,714,5,16,26
6111,6854,3,2,2200,7,8,96
2656,3800,4,2,1500,5,1,96
6866,8500,2,2,1409,43,15,8
9921,2950,1,1,819,11,4,108
53,6250,1,1,987,2,6,8
7895,7350,2,2,1380,10,20,30
4917,4750,1,1,851,7,9,12
5240,2720,0,1,265,9,5,0
5280,2495,1,1,600,3,6,76
10930,2150,1,1,600,5,2,126
2821,2950,0,1,600,2,9,90
5615,2700,0,1,450,7,4,115
2576,3341,0,1,623,4,12,47
3346,5300,2,2,1050,7,7,30
9136,3400,1,1,623,2,11,89
8127,6900,3,1,2200,1,4,116
8158,2690,1,1,600,1,9,87
3397,2000,1,1,600,8,2,106
4329,3950,0,1,929,1,19,102
2770,2600,0,1,428,12,4,8
1315,15000,2,2,1700,2,18,80
8712,13900,3,3,2000,5,5,2
2629,2990,1,1,504,6,4,113
10173,4795,2,2,1015,8,18,29
10638,2850,2,1,750,7,5,106
5054,3500,2,1,1000,6,19,57
11,6995,1,1,800,2,30,86
8504,6500,1,1,1218,2,5,101
2762,2700,0,1,450,3,2,15
4547,7500,4,2,1500,3,4,55
10085,5700,1,1,940,2,14,13
4970,3900,1,1,560,2,1,106
6592,4195,1,1,700,7,8,6
5565,7290,3,2,1164,2,15,0
1117,3800,1,1,900,2,3,52
2697,3410,1,1,850,3,6,66
2681,2900,0,1,525,3,23,11
107,9250,2,2,1653,11,3,8
7816,13000,3,3,1973,5,9,2
2233,10000,2,3,1840,1,6,54
2237,4500,2,2,927,12,14,27
1028,3000,1,1,600,5,10,30
6268,2400,1,1,600,3,3,96
7423,3000,1,1,615,12,4,8
7651,6861,2,2,1231,2,17,16
10001,6917,2,1,812,12,16,4
4308,3800,1,1,850,4,6,85
3924,3800,1,1,800,5,6,104
1850,9250,2,2,1266,1,9,89
3265,9995,2,2,1554,3,11,89
9756,5995,2,1,1200,4,12,90
3794,4280,1,1,875,43,27,10
3224,4000,2,1,774,10,56,27
10700,4275,1,1,735,4,36,47
4473,3700,0,1,615,2,38,38
8547,2395,0,1,550,8,2,32
8390,9995,3,3,2100,6,13,33
2253,6000,2,2,968,3,18,31
8259,2050,1,1,450,6,1,106
8871,3000,0,1,450,2,11,87
3893,4565,1,1,642,7,6,5
3126,3800,1,1,840,4,12,55
1670,2900,2,2,1240,2,5,8
6489,13500,2,2,2011,9,83,15
5089,1999,0,1,500,2,5,51
6788,3100,1,1,849,7,3,12
2699,9750,2,1,1300,2,3,116
788,2500,0,1,470,3,3,59
1398,11500,3,2,1700,2,66,9
10626,3900,4,2,1100,4,4,106
5569,5400,3,1,1800,4,4,30
6887,2425,0,1,518,7,2,116
4631,5940,1,1,709,3,30,6
6755,10495,2,2,1549,4,7,115
9786,3500,1,1,700,3,12,29
6092,6055,2,2,962,12,12,4
115,11538,3,2,1540,1,6,89
2599,5900,2,2,1450,4,16,39
319,4140,1,1,825,5,11,17
8720,3876,1,1,529,1,8,29
3546,2879,0,1,594,3,2,44
9191,13000,2,2,1300,3,4,115
2015,5995,2,2,1321,8,11,32
2051,8250,3,2,1250,2,3,41
6414,3595,1,1,773,4,23,18
6225,6500,2,2,1100,2,17,29
110,18500,2,2,1843,3,3,75
483,6350,2,2,1352,3,31,29
7162,5250,2,2,1191,8,23,18
8370,3300,1,1,649,43,40,43
5060,3750,1,2,820,5,22,86
10655,8000,2,2,1038,8,16,10
3680,5200,3,2,1500,6,9,57
1338,7795,1,1,800,2,21,11
2932,3500,1,1,650,11,16,31
2678,13000,3,3,1851,2,42,25
3743,3642,1,1,610,8,19,41
4243,3100,0,1,579,3,11,31
191,3900,1,1,801,2,6,84
1123,3500,1,1,725,12,23,32
11315,7000,3,1,1000,5,3,86
2019,8095,3,3,1698,43,11,10
1701,7500,2,2,1150,2,22,17
5706,7995,2,2,1356,43,15,8
4157,3200,0,1,521,3,4,54
179,9000,2,2,1192,2,11,86
5670,3365,1,1,637,10,6,16
10170,6465,2,2,1168,5,32,17
5466,2900,0,1,550,3,21,27
7682,6700,2,2,1200,4,26,42
2650,3705,1,1,697,5,11,17
2405,4216,1,1,744,7,5,6
2464,3395,1,1,800,3,14,76
1837,2735,0,1,428,3,9,15
5592,2800,1,1,670,3,3,106
6792,8100,3,2,1309,11,17,31
5553,2650,0,1,549,2,14,29
2666,2900,0,1,600,2,4,84
9098,5555,2,2,874,2,16,0
8163,15900,2,2,1591,2,37,56
10515,3575,1,1,705,5,6,30
1815,8750,3,2,1420,7,5,27
5268,5275,2,2,911,6,19,37
519,15000,3,3,2300,2,12,15
1795,7500,2,2,1265,3,5,10
6890,1895,0,1,400,1,14,89
4336,4750,2,1,977,6,3,106
98,4600,0,2,1062,4,3,43
4067,3150,1,1,560,2,4,86
1519,4050,1,1,762,3,19,29
10159,7085,3,2,1439,7,7,39
11010,3595,0,1,598,4,3,7
10147,3900,1,1,884,10,37,27
3888,3595,1,1,735,4,6,85
8540,5250,2,1,1200,3,3,88
3573,2495,1,1,550,2,3,116
6815,12500,3,3,1760,1,19,9
8058,3645,1,1,600,2,8,99
799,7350,2,2,1103,5,8,9
5301,5110,1,1,745,2,18,0
2935,2550,1,1,550,3,8,58
4571,2900,1,1,550,1,6,51
4372,4650,1,1,942,1,4,25
8384,3800,3,1,1000,5,2,116
10505,3530,0,1,530,4,31,16
1074,2795,0,1,500,3,19,29
3386,5800,2,1,950,3,2,116
10429,3500,1,1,693,3,3,15
89,2215,1,1,710,5,7,7
5187,3325,1,1,628,6,5,14
10675,4250,1,1,809,7,21,33
3470,8500,2,2,1400,5,10,9
10563,2935,0,1,559,7,33,33
4,8995,2,2,1667,11,40,31
8077,6594,2,2,1082,2,9,16
491,9850,2,2,1489,2,66,30
5162,8200,2,2,1055,2,42,22
5544,6776,2,2,808,3,3,16
689,5999,1,1,1000,6,8,33
8492,2095,2,1,700,3,5,116
11142,2595,0,1,400,43,7,14
5963,3500,1,1,947,4,2,8
10330,3300,0,1,500,3,8,103
5634,6800,4,2,1700,5,3,64
1762,16000,2,2,1800,2,2,116
552,3750,1,1,800,2,15,89
10925,3195,1,1,720,2,9,103
1004,4700,1,1,707,2,3,8
9662,2805,0,1,472,4,14,47
4952,4150,0,1,747,3,5,11
8057,3515,1,1,750,1,8,116
677,5850,1,1,942,9,5,86
4647,3850,1,1,770,6,4,59
295,6350,1,2,1014,3,3,8
7388,4000,1,1,750,2,14,14
153,5250,3,3,1800,6,7,104
2581,3645,1,1,674,4,4,28
5493,3725,1,1,591,6,7,29
5011,2695,2,1,805,7,7,9
2949,2650,1,1,625,17,3,96
1983,1995,2,1,1000,6,36,89
3457,6500,2,2,1500,1,13,90
4055,3700,1,1,700,10,24,13
6975,4500,1,1,733,6,11,2
8197,3350,0,1,644,1,24,88
6228,5999,2,2,1248,4,3,9
5383,2800,0,1,618,3,4,86
878,4350,1,1,715,2,15,17
9545,2600,0.5,1,600,4,4,52
5157,3800,0,1,600,1,15,53
10342,2500,2,1,1000,5,1,106
2411,2800,0,1,420,2,8,53
9957,2850,0,1,500,5,12,57
6047,6118,1,1,909,1,11,6
1643,5995,2,2,1400,6,31,41
338,3850,1,1,780,6,17,28
8276,5395,1,1,558,3,5,2
4224,3750,3,1,1100,6,4,96
10744,1443,1,1,550,4,3,101
8727,2795,1,1,800,6,4,106
558,4500,4,2,1400,2,4,107
2135,3600,2,2,1200,2,10,105
7648,3750,0,1,636,1,6,52
9907,3800,3,1,1100,3,3,96
8512,12000,3.5,2,1600,1,5,105
3780,5155,1,1,812,5,33,44
935,2500,2,1,1200,4,8,9
6880,2250,0,1,500,5,4,54
7357,3750,1,1,646,3,17,11
4769,4995,1,1,725,4,10,24
7600,4198,0,1,851,3,17,44
10986,7500,1,1,1052,4,32,33
1870,3000,3,1,1400,1,1,96
5384,3093,0,1,461,12,19,4
294,11000,3,3,1815,5,11,2
3696,4195,1,1,854,5,27,30
5806,2700,0,1,452,3,20,29
2152,2499,2,1,700,5,5,96
3031,3865,1,1,910,5,8,1
6942,5935,1,1,926,5,11,9
5792,4950,1,2,981,9,5,8
10979,4600,1,1,900,5,4,12
612,8500,3,2,1500,2,5,93
10345,3350,2,1,600,7,5,106
1943,3550,1,1,581,5,7,37
5900,4600,1,1,717,6,8,2
2820,4850,2,2,1010,2,5,90
8432,3150,1,1,750,3,3,106
6324,3400,1,1,700,1,3,15
9001,2200,1,1,675,1,2,106
10141,3300,1,1,694,0,9,87
10644,7000,3,2,1394,10,12,53
4161,3850,0,1,605,2,6,10
3313,6500,1,1,1100,4,18,43
773,12000,3,3,1737,43,20,8
4758,2975,0,1,402,5,6,13
11151,3100,0,1,600,1,2,53
5386,2990,0,1,395,12,1,8
717,6995,2,2,1172,11,35,31
7672,3229,0,1,470,4,7,19
4716,3250,1,1,700,8,6,33
5057,3254,0,1,403,2,11,16
1371,8950,2,2,1449,2,13,10
7918,3495,1,1,800,9,3,36
8592,4850,2,2,938,4,13,85
7217,4995,1,1,947,5,7,2
221,2900,1,1,600,2,9,84
3302,3184,1,1,696,2,4,48
5980,3000,0,1,500,3,3,116
5351,10400,3,2,1797,5,25,17
9316,2100,0,1,450,13,5,60
5519,3160,0,1,602,1,7,19
10360,3308,0,1,470,4,18,19
6706,3500,0,1,499,10,3,0
10943,4846,2,1,805,9,14,86
10781,2300,1,1,611,9,6,12
1035,2750,0,1,493,10,9,16
2907,2695,0,1,445,3,25,29
1046,6995,2,2,1091,2,14,92
9075,6000,2,2,1034,3,37,15
8585,2620,0.5,1,466,4,18,85
8688,4895,2,0,950,6,3,96
9783,3250,1,1,900,2,1,91
7085,3498,0,1,464,2,15,13
1509,1990,1,1,475,10,1,106
3053,2650,0,1,471,2,45,29
6071,5795,2,2,1133,2,19,41
1517,7500,2,2,1104,4,31,2
7818,2600,1,1,650,6,1,106
9850,6725,1,1,1021,5,18,37
5456,3200,0,1,622,5,10,31
8807,20000,3,3,2600,2,3,86
7320,3640,1,1,664,1,8,19
895,4500,2,1,800,13,29,9
4008,5600,2,2,1049,5,30,17
6062,3900,2,1,1000,2,7,115
1778,3285,1,1,586,2,4,99
956,2850,0,1,500,6,2,59
9620,3950,1,1,714,4,6,19
5820,2775,0,1,486,1,12,112
6662,3840,1,1,709,8,11,16
6805,2100,1,1,500,8,4,115
6520,2295,0,1,250,2,1,118
4053,3700,1.5,1,900,12,14,55
7547,3550,1,1,900,2,6,89
2267,8500,2,2,1275,2,7,86
5937,5500,1,1,925,3,4,101
368,5345,2,2,1038,7,28,39
7503,5150,1,1,679,3,17,11
1691,3965,1,1,629,7,25,39
4915,4400,2,1,950,7,31,42
8845,5340,2,2,971,8,9,16
11124,2100,0,1,400,5,1,101
9798,7250,3,2,1339,2,4,32
8269,2850,1,1,488,1,17,103
1941,1987,1,1,850,2,3,88
971,3600,1,1,668,5,7,30
8415,3300,1.5,1,650,13,16,9
7606,3795,0,1,577,4,21,16
3262,2400,2,1,1250,5,2,101
864,4410,1,1,802,2,10,89
5581,9250,3,3,1800,4,9,106
395,3230,2,2,1000,5,8,7
2036,3500,1,1,678,5,7,85
8393,4000,1,1,672,15,30,43
4073,3813,0,1,826,4,20,47
388,3750,1,1,679,3,30,86
1611,4590,1,1,730,3,12,89
10959,4056,2,1,920,7,8,29
4461,7250,4,3,2000,4,3,96
10570,3595,2,1,700,4,3,8
7757,8500,2,1,1613,3,8,101
8387,2950,1,1,587,3,22,36
6779,3600,1,1,775,4,9,85
6140,3730,1,1,740,2,28,9
2349,3100,0,1,550,2,9,55
5750,3495,2,1,750,3,2,126
2223,3700,3,2,1250,3,3,96
3796,3850,1,1,817,2,4,85
1164,3600,2,1,700,2,6,86
2933,2095,0,1,475,3,6,91
3863,7650,2,2,1235,4,20,11
4492,2790,0,1,421,5,5,17
3368,3295,1,1,628,6,31,37
9890,3000,3,2,620,11,1,106
1305,8900,2,2,1100,4,35,33
8839,2960,0,1,537,1,7,116
6505,4400,1,1,692,2,8,29
4244,2995,0,1,500,1,11,29
7054,1950,1,1,596,5,3,57
5772,3850,1,1,675,5,3,61
131,4000,3,1,1000,5,5,96
277,5819,2,1,1121,2,19,116
6421,4100,1,1,944,8,13,69
10703,4195,4,2,1300,4,2,91
10302,4200,1,1,535,0,7,4
299,3825,1,1,764,7,5,39
1822,5250,1,1,1158,1,8,180
2996,3400,2,1,800,6,3,106
430,2723,0,1,457,4,22,47
1176,3800,2,1,817,1,7,8
10117,15000,2,2,2000,4,4,13
1598,3800,1,1,700,13,5,9
8826,3342,1,1,648,14,18,30
505,7880,3,2,1500,4,16,35
7851,4965,1,1,812,5,32,44
239,16000,4,4,2110,8,16,29
5675,1600,0,1,550,5,1,11
11246,3187,2,1,650,2,18,29
5001,2750,1,1,550,8,1,96
1843,5958,2,2,1300,1,21,51
6947,4100,2,2,940,2,3,12
4428,3600,2,1,710,6,34,37
10894,3700,1,1,600,5,9,37
8645,2700,0,1,550,5,16,59
1244,4000,3,1,700,5,10,96
8877,3300,1,1,650,10,5,18
2717,2350,1,1,771,5,16,58
6151,3795,2,1,750,2,11,116
10080,7500,3,2,1300,3,16,27
90,5771,2,2,1018,9,10,9
8519,4600,1,1,960,5,22,9
7922,3400,1,1,850,3,7,87
1110,3715,1,1,591,6,11,113
944,2750,0,1,595,1,8,76
10053,1600,1,1,450,3,3,116
7819,6500,2,2,1188,2,64,29
3820,1500,0,1,450,2,3,106
2769,2795,1,1,700,9,13,42
1662,3211,1,1,775,2,17,53
6710,6900,2,2,1196,10,4,0
9647,2450,2,1,870,3,5,101
7425,4400,1,1,750,2,2,30
9744,3895,1,1,650,8,27,16
1888,5260,2,2,1139,3,5,30
2339,7500,2,2,1214,3,15,88
5174,5495,1,1,1000,2,7,86
2784,2595,1,1,600,2,4,116
3073,5500,1,1,1000,2,4,116
7594,5000,1,1,550,2,18,89
6367,4150,1,1,640,3,14,9
7285,3100,1,1,575,2,5,86
4421,3995,1,1,589,4,11,7
35,3875,1,1,653,4,14,18
6517,7000,2,1,1350,3,6,108
2212,3775,1,1,609,12,12,4
8710,10500,3,2,3000,2,7,86
5393,12000,3,2,1982,4,20,10
10701,2750,0,1,546,4,6,52
8551,6800,1,2,1233,3,6,52
3578,3700,2,1,900,1,4,87
7688,3167,0,1,675,4,2,47
8629,3775,1,1,632,2,30,41
8897,3495,2,1,631,3,1,102
2224,2900,2,2,1200,3,3,86
4625,3805,1,1,698,6,3,14
10293,5950,1,1,988,5,33,9
4201,8500,3,2,2000,4,18,56
6261,6806,2,2,1082,2,28,16
5394,3195,1,1,800,4,6,56
7892,10600,3,3,1749,6,23,2
6254,3300,0,1,500,3,2,86
10090,2950,0,1,585,2,17,34
1745,2995,1,1,670,8,10,28
10494,5300,1,1,960,2,7,106
2197,4400,2,2,927,12,31,32
9854,3100,0,1,602,9,8,15
4023,3990,1,2,1000,8,24,18
9411,2499,0,1,367,2,11,112
1438,4695,2,1,900,4,3,51
1654,7100,2,2,1900,3,4,116
789,5600,2,2,850,1,21,31
1838,2400,0,1,550,7,1,85
8219,4195,1,1,885,6,14,60
1012,5450,2,2,1070,13,32,9
10785,3300,0,1,538,3,7,11
9463,3405,1,1,591,6,14,14
1537,12000,2,2,2027,1,3,156
661,5800,2,2,1200,8,25,32
858,7995,1,1,990,2,12,53
6790,1700,0,1,350,9,1,96
1714,3900,0,1,698,2,21,8
5998,2595,1,1,800,3,2,93
9401,3465,1,1,804,14,3,55
1852,2550,2.5,1,1000,6,4,115
2144,3500,1,1,600,2,32,28
2965,6300,2,2,1207,2,47,9
5168,4500,0,1,850,1,3,13
5741,3395,0,1,474,4,15,11
5316,14000,2,2,1814,3,5,101
859,6900,2,2,1800,10,43,41
10506,3505,1,1,754,5,4,17
11329,2975,0,1,587,3,3,52
9805,2100,2,1,500,11,3,106
4410,9000,2,2,1578,2,10,10
710,8500,2,2,1459,3,4,1
8565,5995,1,2,970,2,2,124
6301,3700,1,1,655,5,8,29
8912,6000,1,1,945,5,7,84
2256,16000,3,3,2195,5,19,2
7257,2050,1,1,900,3,2,106
8566,3150,1,1,575,2,11,86
9062,5018,1,1,737,1,3,6
1809,5900,1,1,811,6,31,5
5668,3025,0,1,515,6,10,14
10358,3600,3,1,1050,3,4,101
5505,4585,1,1,900,3,5,52
1,3500,1,1,850,3,18,54
4068,2500,0,1,400,2,2,90
1449,3500,1,1,710,6,10,37
3613,2950,1,1,700,5,2,6
9625,6200,2,2,1002,1,19,14
4414,7700,2,2,1546,10,43,27
2481,6000,2,2,1280,3,11,29
3519,2300,1,1,500,9,2,116
5366,5200,2,1,823,5,4,3
3018,10950,3,3,1749,6,24,2
2435,7243,2,2,1231,2,18,16
8518,3100,2,1,700,6,4,115
3632,2450,2,1,900,9,2,96
6005,3500,1,1,600,2,81,114
1556,5600,1,1,800,5,4,86
4700,3000,1,0,526,4,4,45
10922,2250,0,1,400,5,2,54
4010,3853,0,1,464,2,30,13
1000,5250,1,1,850,4,11,93
8801,2925,1,1,650,5,6,31
893,3500,1,1,700,13,23,9
2260,3900,1,1,719,3,23,15
2520,2700,0,1,466,5,7,10
8298,2299,1,1,700,3,3,86
3963,3495,1,1,708,14,11,30
6555,5995,3,2,1417,4,9,6
3176,20000,2,2,2200,2,2,5
681,5200,1,1,691,3,29,7
3807,6000,1,1,802,2,48,6
10093,1899,0,1,350,7,2,96
2225,3575,1,1,735,4,5,85
9311,2495,2,1,800,4,2,116
568,6400,2,2,1024,10,2,0
8334,3395,1,1,700,12,33,27
6466,3500,0,1,550,2,7,1
11192,11600,2,3,1665,3,10,52
10220,7300,2,2,1167,1,2,3
6135,3325,1,1,607,3,9,15
4338,3995,1,1,602,6,2,2
9368,3000,1,1,650,11,7,50
2871,3050,0,1,484,6,7,33
3997,3392,1,1,769,2,6,47
8842,4865,1,1,697,2,19,13
11335,5890,1,1,752,3,28,6
2492,3555,1,1,600,2,5,99
3308,7800,4,2,1900,5,9,91
5197,3645,1,1,811,14,1,55
1336,10500,3,3,2100,6,12,33
2488,3200,0,1,462,2,5,28
2338,8350,3,3,1436,4,12,27
2888,2350,0,1,367,2,2,112
5589,8800,2,2,1612,9,17,15
10438,3543,0,1,523,1,12,29
511,17500,3,3,3016,7,39,34
10497,4200,0,1,567,12,6,7
1539,3995,1,1,938,1,6,180
11215,8500,2,2,1807,1,23,88
7232,10500,2,2,1460,2,9,75
2491,4000,1,1,764,7,12,39
4643,2750,1,1,800,3,4,75
1406,10500,3,3,1500,4,25,20
1929,3750,1,1,817,5,32,13
437,4950,3,1,850,6,3,86
6778,4968,2,2,948,14,21,30
1139,4000,1,1,874,7,9,12
2913,2100,0,1,350,7,4,116
8759,2495,0,1,400,1,33,37
7180,4100,3,1,1100,3,6,52
10790,6750,2,2,1589,9,10,15
9492,2600,0,1,441,7,8,60
6565,9850,3,3,2100,2,17,87
7864,4100,1,1,690,5,9,1
634,5795,1,1,626,3,8,2
732,7000,3,2,1500,9,11,30
5488,7600,2,2,1325,2,42,8
1542,11900,3,2,2305,1,37,102
7599,3181,0,1,581,3,16,44
7739,8000,2,2,1250,2,15,13
8692,20000,4,4,2160,1,18,9
7924,3650,0,1,520,2,8,17
4874,6000,4,2,1700,6,5,96
9937,4450,1,1,985,5,10,37
4958,2295,2,1,700,7,6,86
3275,4055,1,1,818,4,7,47
6475,3795,2,1,900,2,8,102
7028,3750,1,1,500,4,4,156
6468,4000,0,1,500,1,8,76
9269,3900,1,1,640,4,8,7
2287,6000,1,1,962,2,9,10
4919,2595,1,1,500,3,4,106
5794,12750,2,2,1736,3,4,101
9717,3350,0,1,585,2,6,85
6736,2650,0,1,500,2,10,13
9170,3000,0,1,525,3,11,9
999,4500,1,1,700,7,27,34
5600,3500,1,1,650,2,29,29
1887,9995,4,3,1900,2,4,89
2162,12999,2,2,1990,13,4,9
1855,3100,1,1,654,4,18,42
3812,4200,4,2,1400,2,2,106
3163,14000,3,3,1959,10,38,17
8821,14000,2,2,1543,4,7,9
8211,2999,0,1,560,4,9,9
2048,19950,2,2,2750,5,10,11
10740,4850,1,1,706,4,8,9
9301,5800,1,1,811,6,29,5
9730,2195,1,1,500,6,2,106
9986,3060,0,1,515,6,9,14
2137,2125,1,1,475,2,1,115
8248,1750,0,1,600,10,2,106
4706,4200,0,1,625,2,4,106
1161,3600,3,1,800,1,6,96
4175,6900,2,2,1300,1,23,88
3986,6000,2,1,1100,8,11,35
9131,3195,1,1,700,3,1,41
6684,3690,1,1,802,7,15,33
9984,2775,0,1,342,2,15,89
10739,4395,1,1,692,4,14,19
6362,6815,2,2,1100,14,30,30
4254,2150,0,1,450,3,1,106
6711,3800,1,1,718,10,16,9
7681,3000,1,1,667,4,1,88
8416,3550,0,1,500,1,4,30
193,6400,2,3,1226,3,15,15
9968,2370,1,1,600,5,2,106
8161,2550,0,1,409,5,2,66
1078,5500,1,1,765,2,25,38
4650,4695,1,1,754,3,5,11
10290,5200,1,1,800,2,6,10
10676,2900,0,1,530,2,11,52
8087,3100,1,1,550,2,3,106
8231,3130,1,1,594,4,15,18
3882,8750,2,2,1472,7,6,12
3640,5500,1,1,1000,3,3,116
6551,3200,2,1,900,3,5,116
1469,4050,1,1,826,3,21,29
925,10500,3,2,1865,1,4,96
2546,6900,2,2,1049,4,2,4
10074,2325,0.5,1,500,6,2,96
2568,3900,1,1,850,5,21,30
8471,5200,2,2,1141,1,14,30
5527,2300,0,1,475,9,4,54
8364,4363,1,1,620,1,2,29
11034,6500,2,2,1100,3,14,29
493,4362,1,1,982,3,20,85
1998,2895,1,1,650,9,19,36
4090,4000,1,1,700,1,23,31
3639,5500,1,1,1180,9,20,15
9996,4350,1,1,723,2,3,92
7052,3960,0,1,640,3,9,52
3206,12000,2,2,1865,2,6,122
1708,5995,2,2,1206,2,19,120
6121,3557,1,1,621,12,5,4
9809,1832,2,1,800,5,4,96
1470,5300,1,1,776,7,42,6
7847,3140,0,1,525,4,8,16
8675,15000,2.5,2,2350,3,4,89
2648,3710,0,1,577,4,20,16
3786,3375,1,1,850,8,2,90
815,3500,1,1,700,6,2,96
9216,2650,0,1,459,4,5,18
9759,3995,2,1,704,2,8,28
4574,9995,3,2,1132,3,7,2
10152,4895,1,1,876,1,11,51
9812,6800,2,2,1200,43,36,41
181,9200,2,2,1434,2,55,38
7574,3930,1,1,710,3,17,15
79,5495,1,2,966,2,25,10
9095,9000,1,1,1521,9,4,1
7849,2855,0,1,482,5,9,17
3412,2595,1,1,600,1,5,116
9713,9500,1,1,1026,2,11,101
3439,4895,2,2,1000,4,21,42
2412,3995,1,1,930,2,21,34
6915,4500,1,1,715,4,9,16
1851,13800,3,3,1702,1,9,89
10621,2875,0,1,512,7,10,52
7550,3150,1,1,875,4,3,86
10155,11500,3,3,1750,11,5,8
1623,1950,2,1,594,10,5,106
2623,2695,0,1,355,9,3,0
11276,3500,1,1,712,8,6,12
10522,13250,3,3,1726,43,9,8
8105,8375,4,3,1735,5,20,52
2171,2000,0,1,350,3,2,86
1307,3600,2,2,1164,4,4,12
9579,4885,1,1,880,6,11,16
8900,7800,2,2,1186,6,8,5
205,8975,3,3,1750,3,44,15
2867,14900,3,3,2095,13,5,9
658,4000,1,1,1000,4,3,48
10527,1999,0,1,450,4,4,96
10877,4090,1,1,710,3,29,15
197,4500,1,1,800,2,3,96
1475,2750,0,1,485,2,5,28
9178,2200,1,1,750,2,5,96
3742,2628,0,1,425,8,12,41
10144,4200,3,1,1000,5,4,106
2736,3700,1,1,765,2,10,30
8817,3500,1,1,670,2,15,9
6658,4480,1,1,642,7,2,5
2618,5995,2,2,1200,0,13,87
10478,2195,1,1,450,3,5,81
1146,3500,1,1,765,4,14,19
6159,5000,2,2,915,3,11,15
8350,1525,0,1,305,6,9,55
9446,7500,1,2,1400,1,2,96
9578,8250,2,2,1157,9,5,19
9715,3000,0,1,500,3,43,86
170,4950,1,1,899,2,39,30
2624,2570,0,1,265,9,7,0
4723,3850,1,1,575,3,5,106
8011,2650,0,1,386,10,29,29
4838,5750,2,2,1280,6,5,31
11044,4100,1,1,789,7,12,9
2973,3712,1,2,1201,11,3,108
11267,6495,2,2,1152,2,52,6
3671,2300,0,1,417,2,5,30
8653,2650,0.5,1,430,4,11,85
5027,6400,3,2,1500,3,7,29
11029,3700,1,1,732,0,10,87
2057,4750,1,1,679,4,8,10
7263,3825,1,1,800,7,7,9
8589,3195,1,1,482,4,28,85
4126,7995,2,2,1300,2,15,56
195,3850,0,1,667,6,4,8
744,3200,1,1,600,9,6,106
2301,5000,5,3,1800,2,4,87
5081,8900,2,2,1547,2,10,86
9274,4650,0,1,705,6,4,116
4504,3090,0,1,494,3,3,54
1047,9900,2,2,1690,3,37,13
9684,1795,1,1,800,3,4,79
7336,4620,2,2,829,3,16,15
5290,4705,1,1,635,2,16,0
2539,3500,1,1,700,2,2,86
9650,3600,2,2,1100,6,5,8
1657,3500,1,1,530,2,5,55
2738,4450,0,1,666,2,2,89
8583,3850,2,1,800,3,3,53
758,3600,1,1,663,5,8,37
5546,4637,1,1,633,3,3,16
7983,1995,1,1,600,8,3,116
2388,2995,1,1,750,9,13,42
6032,2500,0,1,400,2,7,86
6193,2150,2,1,700,7,2,102
9506,6700,2,3,1292,3,15,15
4458,4100,2,1,900,4,15,91
4025,3810,1,1,708,3,11,71
588,8550,2,2,1318,9,7,11
9750,3850,1,1,840,7,3,52
8002,2750,0,1,650,4,2,76
1869,1995,1,1,825,3,5,91
4361,3800,2,1,900,9,9,87
2847,4300,1,1,766,4,14,9
5181,3095,2,2,1100,4,5,3
3552,5500,1,2,1100,2,5,116
4349,4000,1,1,673,4,8,19
6525,5000,2,1,785,12,18,4
11273,10200,1,2,1881,3,14,52
966,3195,2,1,785,1,11,28
10498,4600,1,1,900,3,17,78
5645,1850,0,1,560,8,4,121
3601,3300,1,1,642,10,8,29
10708,5995,1,1,855,1,26,8
7750,7100,2,2,1200,7,16,14
2403,6950,2,2,1150,6,5,11
238,3195,0,1,600,1,10,29
298,8750,2,2,1875,3,15,88
345,1995,1,1,625,5,1,96
930,5300,3,2,1200,11,5,43
990,4400,2,1,1070,6,8,51
8352,1975,1,1,595,6,14,55
1423,5000,2,2,1013,15,30,43
5245,7995,2,2,1279,6,3,13
2966,3400,1,1,760,6,4,31
3130,6995,3,2,1677,2,7,116
10730,6850,3,2,3000,3,2,106
648,12500,3,3,2133,5,15,31
7079,3675,1,1,702,2,12,85
2855,9075,2,2,1800,3,6,116
7013,4370,1,1,822,3,9,31
10446,4000,1,1,766,1,14,25
635,6200,2,2,1325,2,15,8
5427,3490,1,1,610,8,10,41
3896,3885,1,1,837,5,4,17
10371,3260,0,1,576,1,9,19
1051,6750,2,2,1267,5,9,11
1955,11995,3,2,1951,1,11,86
3501,2995,0,1,500,2,3,53
4488,3910,1,1,709,8,19,16
6561,3800,2,1,1100,6,3,96
9855,10650,2,2,1372,4,15,47
2027,6800,2,2,1100,11,14,31
819,7350,2,2,1100,2,8,92
7893,5250,1,1,915,6,3,2
370,2700,1,1,700,1,2,116
10977,2495,0,1,650,2,3,106
2971,5400,1,1,1000,6,6,116
530,8000,2,2,1152,2,51,6
2373,7900,2,2,1286,5,3,2
4573,3625,1,1,650,1,14,51
7928,5500,1,1,835,3,21,52
4805,7500,2,2,1025,6,4,2
332,6495,2,2,1500,2,23,90
10136,5972,2.5,2,1420,14,16,52
2074,15000,5,4,2860,6,42,28
4759,3120,1,1,574,2,9,99
9895,4595,1,1,902,4,6,7
10609,3475,1,1,574,7,9,39
7833,6495,2,2,1309,3,10,92
10378,3480,1,1,620,7,28,39
2158,2250,0,1,500,9,3,87
2544,2000,1,1,580,3,1,76
3643,7995,3,2,1000,3,5,116
3851,4800,3,2,1450,3,3,116
405,3595,1,1,650,43,17,14
8985,8500,2,1,1300,3,3,101
6717,1750,0,1,400,7,3,106
4310,5500,1,1,1180,9,6,15
2995,3800,1,1,800,5,11,104
1458,5395,1,1,747,3,27,6
5076,6150,3.5,2,2000,6,5,96
6217,14500,2,2,1433,1,56,12
116,7895,2,2,1629,1,25,11
6672,3695,1,1,671,1,7,19
6483,4116,1,1,586,2,20,16
167,3545,1,1,650,3,15,30
1515,4700,1,1,800,2,32,11
1528,4200,1,1,768,2,43,9
10452,2795,2,2,1100,8,5,77
5420,4150,3,2,1000,11,3,106
220,3400,2,1,750,6,4,106
1693,3200,1,1,600,3,6,106
7446,3287,0,1,470,4,15,19
10148,1600,1,1,850,2,4,105
7825,2500,0,1,600,3,18,26
2997,6900,2,2,1250,2,44,9
375,4935,1,1,685,7,2,5
3195,3700,1,1,666,1,10,19
1159,13300,3,2,1840,3,4,106
6395,3100,1,1,500,2,4,106
4389,6350,1,1,947,4,40,47
2542,4600,1,1,1101,1,7,88
8369,3500,1,1,589,43,40,43
8715,2400,0,1,444,8,26,29
4236,3553,1,1,668,4,38,16
1364,7995,2,1,1200,2,5,116
3347,2600,0,1,550,5,3,30
9248,3342,0,1,618,4,9,47
564,18000,3,3,2145,7,46,6
8840,5875,1,1,744,3,52,6
8204,10500,2,2,1212,6,20,2
6463,3495,0,1,450,2,21,17
11241,6200,3,2,1500,3,7,29
3553,9000,3,2,1616,5,8,8
8611,5220,2,2,1085,5,18,17
5067,4006,1,1,573,2,36,16
4487,2945,0,1,532,5,32,44
175,2250,1,1,600,9,5,111
4402,2100,0,1,400,3,3,96
3055,2670,1,1,668,5,4,1
945,4748,1,1,693,2,29,16
6657,3395,1,1,626,6,6,14
2246,7500,1,1,1200,3,8,31
11302,3750,1,1,666,3,3,88
9109,7295,3,2,1202,2,21,28
5514,3940,0,1,490,3,39,6
10211,8500,3,3,1465,7,7,7
8795,5995,2,2,1200,2,1,56
2360,2745,0,2,342,2,10,89
4155,7000,1,2,1753,1,31,102
5371,4170,2,1,950,12,20,22
5905,2400,0,1,450,2,3,96
6368,5150,2,2,1050,4,2,11
1379,2495,1,1,550,3,3,89
760,3405,0,1,532,5,34,44
1205,5400,1,1,793,2,10,10
4470,6995,3,2,1700,3,7,51
4179,5850,2,2,1150,43,10,10
7386,4147,2,2,710,4,3,45
2804,3500,1,1,701,3,39,11
3329,5315,2,2,1065,4,10,28
1079,5250,1,1,888,2,20,11
2641,5000,1,2,950,7,6,84
7518,5900,2,2,1650,6,3,51
3873,7150,2,2,1295,4,2,92
10809,2900,1,1,520,1,10,8
11266,7500,2,2,1235,2,9,13
4719,7500,1,1,1092,4,62,33
817,4300,1,1,850,2,54,9
438,3700,0,1,511,2,9,9
10640,2795,2,1,900,11,3,86
10569,2300,0.5,1,550,7,15,12
4895,3750,1,1,699,3,15,15
10780,3000,1,1,450,1,4,29
11235,2562,0,1,273,9,8,0
4949,3500,1,1,766,8,15,29
8755,9500,3,3,2000,3,8,100
9901,3150,1,1,590,2,5,113
3441,1550,1,1,450,6,5,102
2621,2900,1,1,488,1,18,103
3142,6900,2,2,1270,4,25,33
1341,9500,3,3,1722,4,20,19
2843,13000,3,3,1851,2,42,25
10299,8595,3,2,1293,4,11,19
8045,6750,2,2,1500,4,7,91
1121,9000,3,2,2000,0,6,94
4676,13500,4,3,2404,5,3,31
1491,2800,0,1,518,6,8,60
8421,4895,2,1,925,6,10,53
9024,6245,2,2,1080,3,29,13
9571,6200,2,2,1012,2,4,8
4051,3103,0,1,557,4,7,47
8361,5800,3,2,1500,3,15,96
5677,3300,3,2,1100,2,2,96
3547,5300,2,2,997,15,30,43
3506,4575,1,1,728,2,22,35
5892,9950,2,2,1316,3,11,115
8114,4000,2,2,847,2,6,86
11140,3600,1,1,650,2,5,55
414,4050,2,1,887,5,2,86
10177,3600,2,1,940,2,5,116
3660,3635,1,1,732,10,4,16
5988,9000,2,2,1736,3,3,101
6086,2600,1,1,650,7,15,106
5664,4995,2,1,1100,7,15,49
6941,2400,0,1,508,9,5,30
1981,5995,1,1,947,5,8,2
6840,5495,2,2,1000,4,5,88
1095,4850,2,2,1100,3,2,60
3988,7000,1,1,708,2,56,6
8805,2500,0,1,550,3,8,55
8745,3500,2,1,936,3,5,116
11040,4500,1,1,900,4,5,89
270,9500,3,3,1815,5,4,2
1715,9000,2,2,1500,3,2,96
775,3800,1,1,700,5,6,96
4256,14995,3,3,3119,12,6,11
9354,2395,1,1,650,9,2,116
9603,5225,1,1,767,2,21,8
10138,5700,4,1,1200,8,2,116
4102,5500,2,1,1100,7,8,34
6791,2850,0,1,432,6,7,66
5506,3395,1,0,800,2,12,89
4894,3795,1,1,733,3,22,15
6737,2950,1,1,600,1,2,101
10526,2650,0,1,610,9,2,57
7120,2700,0,1,400,2,22,26
5260,5995,2,1,900,2,16,55
7206,5950,3,2,1200,2,2,92
801,6200,2,2,1200,9,42,28
4275,5800,3,2,1160,6,7,37
3178,2775,0,1,599,2,10,13
8701,3950,1,1,700,1,4,43
313,20000,3,3,2783,0,35,2
1435,11000,4,3,2095,5,5,94
6686,5310,2,2,1157,6,25,33
10171,4915,1,1,753,5,18,44
9587,2995,2,1,800,2,5,86
1382,13995,2,2,1674,1,10,89
2901,5500,3,2,1300,4,5,75
1682,3200,1,1,650,2,4,106
5344,3725,1,2,629,4,16,18
6313,5461,2,1,1075,4,17,47
8363,4355,2,1,710,3,5,15
5573,2950,1,1,540,5,5,30
8681,2390,0,1,490,4,4,86
4178,2850,1,1,600,6,3,89
6871,4850,2,2,950,3,4,96
7956,4275,2,2,1063,5,1,18
4027,2100,0,1,550,4,9,55
8267,3500,1,1,780,2,17,54
2956,3220,0,1,585,5,20,17
9597,2500,2,1,800,2,4,106
3839,2650,0,1,500,3,5,59
10828,3100,0,1,520,2,23,14
2721,4400,1,1,606,2,53,6
1730,2100,0.5,1,575,3,1,116
2,4200,1,1,809,5,14,91
11303,3350,1,1,1086,11,5,108
10800,3995,1,1,870,4,3,52
4897,4250,1,1,721,3,44,15
3008,3750,1,1,599,5,19,15
2929,3400,0.5,1,669,3,22,29
715,3350,0,1,620,3,9,29
3672,2750,1,1,600,9,6,57
6719,4100,1,1,763,3,11,31
6342,5750,2,2,1300,1,3,57
2417,8995,2,2,1684,4,5,11
8125,2950,0,1,567,12,5,7
5889,13000,3,3,2100,1,8,21
8753,6900,4,2,1600,4,9,33
9771,2695,1,1,650,2,1,56
3286,8900,2,2,1292,2,15,38
1152,3497,0,1,471,12,19,4
5012,5995,1,1,1069,7,6,116
5293,10000,2,2,1448,1,5,9
9063,2712,3,1,900,0,4,115
6775,2250,0,1,370,2,10,112
10971,1995,0,1,600,10,1,91
3788,3250,1,1,700,2,9,93
6750,3295,0,1,620,0,18,87
3071,18500,2,2,2000,4,6,96
2805,3200,1,1,700,3,1,85
415,8500,2,3,1394,3,8,96
7639,3250,1,1,770,10,16,53
2089,2450,1,1,550,2,2,116
1282,3300,3,1,800,6,2,116
892,5995,3,2,1226,0,16,10
2141,4350,1,1,750,2,2,106
8055,1795,1,1,750,2,5,67
6345,7550,2,2,1404,43,23,10
3799,16950,2,2,1464,2,24,2
10580,2450,1,1,500,5,1,96
5101,3490,3,1,850,1,4,91
9128,3250,1,1,900,2,6,106
524,2850,0,1,580,1,7,76
10079,4200,1,1,650,5,8,29
1394,5200,2,1,733,2,14,86
8587,3175,1,1,497,4,13,85
6939,3960,1,1,652,6,9,6
510,3275,0,1,450,7,12,7
543,6500,2,1,1700,4,5,116
1658,5999,2,2,1064,1,19,47
10722,15000,3,1,2100,2,10,85
5827,3695,1,1,650,3,2,29
4433,7895,2,2,1191,4,22,7
351,4900,1,1,1068,1,4,104
2372,10500,2,2,1920,1,3,121
1290,13500,2,2,2009,9,41,15
10035,2995,1,1,591,2,3,120
1448,3395,2,1,825,9,10,54
7410,8657,3,3,1740,6,4,2
10710,6100,2,2,991,3,36,11
8139,3800,1,1,713,2,22,9
3917,4500,1,0,900,5,13,80
1996,4999,2,2,1050,10,4,18
4081,2689,0,1,453,4,6,47
1593,6000,1,1,1094,2,49,30
3692,7300,2,2,1221,3,32,11
10717,8200,2,2,1565,5,22,37
5435,3150,1,1,700,3,6,92
391,2795,0,1,550,3,9,90
2381,4250,1,1,788,3,4,10
5835,3400,1,1,831,0,23,87
10344,5200,2,2,1100,10,19,17
7284,4900,2,1,850,2,9,86
4408,9500,2,2,1650,3,2,65
3025,2995,2,1,900,7,3,106
6503,4500,1,1,653,2,9,86
8131,3200,2,1,650,2,7,107
2397,2200,0,1,500,10,6,106
2446,3850,1,1,800,2,15,8
825,2700,0,1,466,5,3,10
10605,3895,1,1,760,2,5,55
5317,14000,3,2,2000,8,5,117
10534,2150,0.5,1,500,6,1,96
5428,2099,2,1,800,5,2,106
5355,4995,1,1,600,5,5,96
4971,4695,2,2,900,1,23,33
3209,14950,2,2,1427,3,7,56
1761,7600,2,2,1256,1,12,6
963,3800,2,1,600,4,3,116
3603,3450,1,1,619,10,28,29
5627,4900,2,2,1005,8,17,25
5604,4495,2,2,1400,2,5,116
386,11000,3,2,3000,2,12,111
1135,2600,0,1,400,12,14,31
7882,2600,1,1,600,4,3,116
923,4550,1.5,1,900,12,25,36
907,2695,0,1,650,1,6,116
3344,11000,2,2,1602,3,35,11
9329,10750,3,3,1700,6,24,47
6147,3400,1,1,693,3,6,15
462,3000,0,1,600,2,4,96
5661,2700,1,1,586,7,18,28
3695,5400,1,1,925,2,2,30
3148,2750,0,1,280,3,5,115
4156,2500,1,1,605,11,6,50
4205,3400,1,1,800,3,9,87
1819,3350,1,1,700,2,38,34
10051,1700,1,1,500,2,4,76
7726,2895,1,1,650,1,2,88
288,11950,2,1,1445,5,4,6
8856,4600,1,1,960,4,6,33
9837,3800,0,1,700,1,17,52
8351,1997,1,1,707,6,15,55
460,7499,2,2,1256,1,8,6
8630,3450,1,1,632,2,21,41
6720,12500,2,2,1690,6,19,16
10945,6000,3,1,1264,2,10,13
1743,3000,1,1,707,6,14,28
7614,10500,3,2,1797,5,21,17
7023,7750,2,3,1461,43,4,8
7930,6403,2,2,1126,1,5,29
3559,3500,1,1,784,1,15,104
6660,3545,1,1,720,5,15,17
4242,2100,0,1,300,8,10,86
5359,17000,3,3,2205,2,12,101
9602,5500,2,2,1100,4,21,9
4837,4000,1,1,750,13,19,9
615,8000,0,2,2200,2,2,101
3197,3900,1,1,722,8,9,16
2875,12500,2,2,1600,3,9,10
7280,3000,1,1,782,1,5,27
5343,3420,1,1,645,4,12,18
2471,2854,0,1,594,3,3,44
6191,2900,1,1,520,1,10,8
4443,9695,2,2,1237,2,7,3
1774,10750,2,2,1276,1,16,9
2497,3905,1,1,681,1,18,19
7981,2450,0,1,650,1,2,106
882,2000,1,1,597,5,1,96
10396,4177,1,1,586,2,31,16
7643,4800,1,1,734,43,8,8
1541,8100,2,2,1353,5,7,2
1245,4000,3,1,700,5,8,96
4491,11000,4,3,2100,1,32,111
5935,7495,3,3,1325,3,8,38
6305,6000,1,1,750,2,8,8
7441,3000,0,1,500,6,8,59
9701,8200,2,2,1600,3,12,11
10249,2750,0,1,560,2,16,34
955,5995,2,2,1440,2,39,29
1287,3900,1,1,765,12,2,7
2763,3636,1,1,846,5,23,13
4592,13950,3,3,1950,12,14,11
3264,10000,2,2,1534,3,6,11
9944,2895,0,1,506,2,18,41
5509,4000,1,1,670,2,28,9
7907,3759,1,1,745,7,5,7
7051,4550,0,1,747,3,9,52
1504,6595,2,2,1488,4,9,89
9695,4600,1,1,950,9,16,86
4760,3465,1,1,650,3,5,30
6118,3050,1,1,620,4,6,31
2250,11000,2,3,1607,5,8,88
8508,15000,3,3,2259,3,6,110
869,8800,2,2,1494,4,5,10
5727,3200,1,1,600,3,4,101
4692,5395,3,1,1200,7,15,116
322,7800,3,2,1700,6,5,106
10865,19950,4,3,2302,6,20,2
10076,4500,1,1,643,4,28,2
1403,4500,2,1,875,6,2,36
5462,2250,0,1,400,2,1,86
1027,2700,2,1,725,4,4,96
6445,5675,2,2,1100,3,27,30
749,3500,1,1,594,4,17,18
712,2800,2,1,1008,5,2,96
1813,2000,0,1,500,6,3,28
8184,4000,1,1,807,2,5,116
1546,3895,1,1,693,2,2,106
2055,3395,0,1,530,4,22,16
1589,13975,3,2,1883,11,35,31
5683,1995,0,1,400,5,4,116
3665,4100,1,1,789,7,9,9
7652,3300,1,1,730,9,9,57
8885,3800,1,1,600,4,7,2
9027,2950,1,1,600,2,6,98
3014,2895,0,1,555,6,3,60
7562,7495,1,1,642,3,6,106
1098,3900,1,1,815,2,17,38
3345,5650,2,2,1100,4,12,92
4533,4200,1,1,787,1,11,30
4619,3725,1,1,647,1,22,116
850,3600,1,1,759,13,11,9
2342,6995,1,2,1236,5,11,86
3263,2325,0,1,425,5,4,59
3056,3550,1,1,751,5,8,1
1359,3460,0,1,692,3,15,85
9378,2880,0,1,472,2,43,29
5166,4995,1,1,999,5,27,9
9130,1662,0,1,300,4,3,86
1915,2450,0,1,450,2,8,104
416,3365,1,1,536,2,9,99
827,2300,0,1,511,15,4,65
3022,10000,3,3,2000,3,5,96
3533,4500,2,1,877,43,40,43
2321,11500,2,2,1488,1,7,90
4080,10000,2,3,1721,1,3,90
2912,3600,2,1,825,7,5,116
8671,2550,0,1,459,1,12,104
289,6000,2,2,1156,6,22,10
4798,4250,1,1,684,2,3,32
4272,7995,2,2,1031,5,21,37
6152,1950,0,1,400,14,3,116
5955,2900,0,1,450,4,10,51
5903,2595,1,1,650,5,5,101
4180,11000,3,3,2353,1,17,116
1740,6100,2,2,1100,4,15,19
2283,2850,2,1,800,10,2,86
7587,2853,1,1,700,10,12,4
6586,3500,1,1,710,1,4,53
593,3700,1,1,805,7,17,9
49,3595,1,1,650,9,11,52
11345,5995,3,1,1270,2,22,41
1083,4510,1,1,641,4,27,16
7714,3150,4,1,1000,2,5,109
7732,2600,0,1,450,1,5,16
3117,6000,2,2,1050,1,16,12
5839,6000,2,2,1152,8,12,12
2086,2550,1,1,716,5,0,96
4617,3360,1,1,710,3,5,15
2856,7895,3,2,1800,1,2,81
9520,2975,1,1,570,6,5,42
5004,3250,1,1,833,7,25,41
3841,3500,1,1,770,10,12,27
8828,3500,1,1,824,3,6,55
6079,3610,1,1,564,2,15,99
4615,5500,3,2,1500,3,2,91
407,11000,3,3,2442,6,2,31
8641,3200,1,1,730,9,9,57
4962,2100,1,1,600,3,3,107
5391,3650,1,1,650,2,13,53
64,2550,0,1,400,2,15,99
5570,3250,1,1,662,2,31,29
2558,8900,2,2,1589,9,22,15
10381,2845,0,1,493,10,6,16
1395,5000,3,1,850,5,6,112
2652,3550,1,1,735,7,19,39
781,4110,1,1,722,8,8,16
390,11894,3,3,1802,6,15,7
8016,5295,2,2,892,10,10,29
3803,3950,3,1,1000,3,3,76
6060,9500,2,2,1305,8,11,10
790,5000,2,2,1065,2,11,25
720,4680,1,1,896,5,20,17
1495,3995,0,1,1350,6,2,116
10678,4000,2,1,500,5,1,106
314,3550,0,1,536,1,9,8
6934,7600,2,2,1168,7,47,6
4835,5600,2,2,1100,8,20,32
10449,5995,1,1,796,0,24,2
1484,3100,0,1,700,1,24,88
7695,6949,2,2,1160,1,3,9
2408,6000,1,1,750,5,4,106
52,9000,2,2,1000,5,6,3
5749,3195,0.5,1,525,8,2,106
3219,3400,1,1,750,9,23,87
903,2650,0,1,470,2,15,25
3567,2900,1,1,475,1,10,103
91,3500,3,1,745,1,2,96
5103,4490,3,1,675,7,3,116
9238,2600,0,1,404,2,20,86
783,5900,2,1,1400,3,7,100
9150,2500,0,1,468,8,22,18
3641,5500,1,1,1000,3,3,116
9340,4095,2,1,1000,2,9,91
4003,3590,1,1,626,7,27,39
6493,6295,2,2,1200,7,1,13
1963,7650,2,2,1023,2,49,6
7026,5035,2,2,972,4,4,28
5369,7600,2,2,1380,7,25,9
4794,3300,1,1,885,5,3,31
2800,2400,1,1,695,6,2,9
10666,2385,2,1,800,9,5,106
6497,3100,1,1,800,5,1,106
4465,6995,3,1,1266,5,3,41
5387,7975,2,2,1182,2,7,3
9841,1525,1,1,415,2,2,96
4720,4725,1,1,865,2,35,29
636,2750,0,1,600,9,14,57
3548,4400,2,1,812,43,40,43
4642,4000,1,1,788,2,23,26
6465,3500,0,1,550,2,6,1
2550,4100,1,2,1312,11,5,108
2311,1895,1,1,700,3,3,106
4287,2550,0,1,420,3,1,116
3040,2750,1,1,600,7,1,106
4795,3800,1,1,632,6,4,14
1065,2500,2,1,1000,2,2,106
5003,3350,1,1,722,7,3,12
11265,3800,1,2,1100,11,1,108
6327,4500,2,2,1200,1,1,106
7286,2500,0,1,400,2,10,86
2578,3230,0,1,583,4,17,47
297,4200,1,1,650,2,10,89
4332,3995,2,2,1200,11,3,76
1848,13315,3,3,1622,1,10,89
4957,2975,1,1,700,1,2,75
6101,4300,1,1,777,5,8,31
9888,2245,0,1,450,4,2,96
10026,2895,2,1,700,3,6,106
7601,5195,2,2,1029,1,11,116
7194,5000,3,2,1500,5,3,106
6763,4700,1,1,800,9,4,88
8971,3195,0,1,529,4,8,19
8190,4175,1,1,713,4,9,19
397,6125,2,2,975,5,3,9
9861,4020,1,1,601,4,12,51
10557,4500,2,2,974,5,4,18
9666,4800,2,1,827,4,1,78
3885,5995,1.5,1,975,2,4,116
1620,4300,1,1,950,6,18,60
8084,2499,0,1,600,6,21,87
4479,2600,0,1,554,2,8,13
11251,1550,1,1,700,2,4,93
6012,4300,1,1,965,1,3,107
8615,3695,1,1,674,4,5,28
3298,2775,0,1,550,2,10,13
10776,2595,1,1,650,13,3,13
1251,3050,0,1,537,1,15,116
8177,2750,0,1,500,1,5,25
1783,3300,0,1,713,1,5,76
1811,7950,2,2,2000,6,5,113
8065,4120,1,1,722,8,12,16
1393,3800,1,1,720,1,20,29
1270,2950,2,2,966,2,4,4
166,2835,0,1,493,10,12,16
6372,15000,2,2,2010,9,83,15
2890,3250,1,1,775,4,5,106
724,7500,3,2,1051,4,26,47
8061,2845,0,1,446,4,4,18
7058,5800,2,1,1100,5,19,57
4621,4855,1,1,941,7,25,39
5667,3805,1,1,634,7,24,39
5966,3150,3,1,900,5,3,106
10165,6900,2,2,1413,5,19,17
2631,4850,2,2,845,3,20,38
809,2450,1,1,575,5,2,116
1584,4875,1,1,796,2,20,38
1195,9000,2,2,1599,2,29,38
10073,3500,1,1,940,2,5,116
8160,3400,1,1,709,4,3,116
3558,3600,2,1,900,1,6,87
3971,3200,1,1,610,1,6,103
6,4000,1,1,830,1,8,88
10502,3060,0,1,404,12,20,4
10920,2650,0,1,435,2,18,25
2228,3500,3,2,1800,5,5,101
722,3577,1,1,587,3,3,96
1200,2755,0,1,415,4,14,18
6477,3525,1,0,950,5,4,81
2416,8500,2,2,2100,1,6,104
4847,3400,1,1,625,5,2,57
7106,12500,2,3,1572,4,6,9
5531,2934,0,1,560,3,5,44
6416,2925,0,1,461,5,12,17
1134,6500,1,1,1005,4,3,115
3134,5400,3,2,1095,9,15,15
1431,3500,1,1,675,6,1,92
5612,4600,1,1,800,1,2,108
3816,3500,1,1,785,10,6,6
8146,2500,1,1,700,5,4,106
6533,1850,1,1,650,3,1,89
8573,2595,0,1,650,4,2,76
201,3900,1,1,575,3,14,27
2320,3850,1,1,748,5,17,9
6528,3325,1,2,640,2,6,120
833,11750,2,3,1702,3,11,1
1477,2585,0,1,400,6,2,115
8963,7000,3,2,1675,4,10,56
4931,2995,1,1,653,0,6,75
8102,2895,0,1,506,2,18,41
1790,10000,2,2,1548,3,5,106
6431,3450,2,1,800,3,12,89
4766,18000,4,2,2000,6,36,47
10271,3500,1,1,673,3,6,28
1444,8000,2,2,1260,3,14,11
7338,6200,2,2,1033,1,6,9
4841,3196,1,1,500,9,6,76
9676,5758,2,2,1085,13,12,1
9194,3150,1,1,730,9,9,57
10867,9500,2,2,1856,1,10,107
2402,5500,1,1,890,2,23,11
7064,8500,2,2,1287,2,32,43
6130,2700,0,1,521,3,8,15
9153,2300,1,1,600,3,5,77
1210,4250,2,1,875,1,14,59
5541,5882,2,2,1079,4,15,47
11330,5500,1,2,850,0,7,56
2806,3350,1,1,730,8,14,32
71,6000,1,1,1100,4,14,43
4278,5750,2,2,1070,2,41,9
4994,2300,1,1,500,2,4,116
11299,3898,1,2,1201,11,5,108
728,3250,1,1,600,2,10,89
2058,6200,2,2,1050,2,3,25
13,3700,1,1,700,10,37,13
830,16500,3,3,2013,2,9,92
7790,3200,2,2,1001,2,4,4
10221,5000,1,1,706,3,9,116
529,1799,0,1,300,2,5,96
2518,5600,4,2,3000,1,1,106
706,3800,1,1,585,2,32,38
6597,3250,1,1,650,6,4,53
5588,4500,1,1,757,2,37,38
6769,3850,0.5,1,650,3,22,86
5272,6800,2,2,1200,43,36,41
3084,2650,0,1,650,7,26,49
2900,3200,1,1,603,3,4,15
6545,5792,2,1,935,2,18,42
8480,6495,2,2,1031,5,3,37
9195,1699,1,1,600,2,2,87
5289,5000,2,2,1041,10,14,27
7458,3795,2,1,750,2,6,116
2445,3700,1,1,741,2,25,9
10256,3400,1,1,535,4,8,43
7980,5250,1,1,827,2,35,42
10386,4040,1,1,825,5,8,17
9158,3700,1,1,700,4,9,31
7207,5350,1,1,917,3,10,103
10620,2695,1,1,650,2,1,56
3990,3150,1,1,618,14,28,30
3146,7795,1,1,642,3,6,106
2072,3600,1,1,672,7,5,7
5953,12300,2,2,1646,1,12,9
6568,15000,2,2,1689,3,27,49
266,2500,0,1,400,6,3,116
5976,2650,0.5,1,600,4,4,52
6665,5605,2,2,971,8,11,16
2962,4400,1,1,812,3,7,94
8530,10995,2,2,1603,4,8,10
9806,3450,1.5,1,800,9,11,57
8883,3675,0,1,619,6,3,8
2725,7495,3,2,1600,2,12,89
10999,3755,1,1,688,3,11,15
9652,3600,0,1,526,10,3,0
6961,5000,2,2,1157,43,4,41
5909,3995,0,1,424,3,5,2
1668,11000,2,2,1297,4,8,58
1215,3600,1,1,770,10,9,9
852,15000,3,3,1800,9,24,11
1217,3950,1,1,866,12,39,27
10130,6300,1,2,992,2,9,10
1703,4100,1,1,646,1,8,6
10715,3000,1,1,750,4,1,66
87,14500,4,3,2283,5,15,30
1332,5450,2,2,1227,1,18,116
7561,4900,2,1,568,3,3,106
3554,9000,2,2,1578,6,5,104
3389,3513,0,1,431,2,27,16
9863,8195,3,2,1600,6,5,86
6138,3275,1,1,640,3,3,15
1518,4400,1,1,778,2,46,9
2673,4405,1,1,679,5,10,9
9886,3200,1,1,585,2,20,38
831,4700,1,1,747,2,39,6
4282,7000,1,2,1068,1,4,8
3759,8250,2,2,1322,1,28,29
7961,4700,2,2,915,3,3,31
9183,2300,2,1,850,7,5,86
5848,2300,2,1,750,9,2,101
7462,2600,0,1,517,2,2,28
8901,11750,2,2,1706,6,22,8
11258,2950,1,1,700,7,15,12
5414,7495,3,2,1641,4,12,6
7082,3350,0,1,721,1,22,112
4648,6600,2,2,1342,2,17,28
1003,5425,2,2,1104,2,17,90
11250,3400,1,1,1164,11,2,108
4635,3299,0,1,470,4,18,19
271,3650,0,1,698,2,9,8
6429,3134,0,1,431,2,10,16
6998,2750,2,1,850,1,4,96
2796,3000,1,1,600,5,2,116
9175,2300,0,1,400,9,6,116
4038,4850,1,1,754,10,3,0
2905,4900,1,1,1200,1,14,88
1665,19000,2,2,1728,2,21,2
2551,2300,1,1,883,3,1,85
2665,1949,0,1,400,6,1,96
4043,2850,2,1,700,4,8,8
5305,3800,0,1,516,2,20,0
4114,2950,1,1,775,4,6,87
8145,2300,0,1,350,2,9,107
4196,4800,2,2,1053,5,21,56
4345,3742,1,1,624,12,9,4
8372,2900,0,1,497,15,30,43
7929,4000,1,1,587,3,6,52
961,4195,1,1,632,2,17,89
262,3995,2,1,900,10,1,91
2465,4405,1,1,586,3,3,16
752,3295,0,1,670,6,3,113
4229,3345,2,1,750,8,5,116
667,4495,2,2,920,2,4,13
774,4995,2,2,1181,2,15,34
3982,11750,2,2,1621,1,7,9
7505,2269,1,1,775,6,4,96
4704,3675,1,1,850,4,4,76
7960,4900,1,1,870,2,9,11
6198,2695,1,1,550,2,2,116
1430,4600,2,2,1012,12,29,32
1157,4600,1,1,832,2,38,8
1410,4000,1,1,450,3,7,52
8043,1700,0,1,450,3,5,86
2754,3200,2,1,875,6,14,57
4652,3800,1,1,768,10,39,27
9276,3800,0,1,525,4,17,24
2071,7995,2,2,1286,5,4,2
5591,3500,1,1,670,3,2,106
424,12495,3,3,2084,2,11,85
8884,8800,2,2,1265,6,21,5
8254,2995,1,1,800,3,2,35
6630,5850,2,2,887,2,3,0
10553,3500,2,1,1000,4,6,66
1354,9500,2,2,1305,8,10,10
8188,11225,3.5,3,3500,2,12,111
259,5950,2,2,1240,2,8,75
5229,4072,1,1,616,2,35,16
11001,3295,1,1,578,2,15,41
3761,2950,0,1,525,2,10,90
4591,7500,2,2,1454,7,8,16
7171,4955,2,2,984,6,3,33
2573,4135,1,1,657,1,12,29
6376,2995,3,1,980,7,6,86
1314,4000,1,1,850,2,17,27
1675,2000,0,1,350,6,4,87
59,7145,1,2,1321,3,5,116
4561,3900,0,1,550,3,5,11
9678,5714,2,2,1085,13,10,1
5144,3190,1,1,600,6,4,106
10052,1600,1,1,400,3,4,116
8614,3530,1,1,692,10,3,16
4567,3600,2,1,900,1,5,87
2219,3095,1,1,700,10,4,116
7781,2600,0.5,1,600,3,3,106
11304,3000,0,1,530,1,7,90
1647,5495,2,2,1180,5,10,86
7734,4325,1,1,600,2,21,17
5159,2450,2,1,749,5,7,57
2611,2400,0,1,550,4,2,74
7955,7295,4,2,1300,3,4,146
3210,3895,1,1,570,2,4,29
4612,3700,1,1,766,4,7,87
8625,5675,1,1,712,8,11,10
9766,3450,1,1,536,1,19,29
4440,2550,0,1,414,4,8,116
3513,8000,2,2,972,3,3,8
11134,7100,2,2,1400,4,3,91
1086,3635,1,1,680,1,22,19
93,12500,2,2,1510,4,34,33
3616,14000,3,3,1934,12,21,11
2348,8200,2,1,1410,43,20,8
1993,10500,2,2,1228,3,4,56
7444,3625,0,1,550,7,6,14
9148,5000,1,1,820,9,7,86
3464,3975,1,1,775,6,3,33
10784,5400,2,1,1074,7,15,34
6007,2095,0,1,475,5,3,111
9640,4700,2,2,1000,4,5,89
348,3786,1,1,833,3,7,44
665,7500,2,2,1214,3,15,88
7048,4000,1,1,750,7,3,116
2924,3850,1,1,800,9,16,86
6448,3785,1,1,550,2,22,35
7159,3100,1,1,629,8,24,18
638,6150,2,2,1368,7,6,53
2632,7500,2,2,1168,7,40,6
1612,2255,0,1,408,2,12,99
10662,3000,2,1,500,5,4,106
6670,3570,1,1,660,1,6,19
6751,3425,1,1,800,3,5,89
278,3600,1,1,549,3,4,96
1706,7800,2,2,1438,2,9,20
2892,4425,1,1,776,4,14,19
11327,2500,0,1,418,2,13,112
2429,5600,1,1,793,2,21,10
4628,5330,1,1,729,2,29,13
4331,1750,1,1,550,5,3,106
1214,4995,1,1,815,3,7,8
8899,10750,2,2,1358,6,23,5
6734,3600,1,1,610,2,26,29
8929,3200,2,1,1000,3,6,77
2268,4270,1,1,657,4,18,19
2505,2500,1,1,550,1,3,106
8931,3900,1,1,721,3,19,15
5532,2764,0,1,473,4,6,47
7934,3100,1,1,764,0,4,87
2145,7000,1,2,1224,1,35,41
2748,6200,1,1,689,8,18,10
6474,2500,1,1,600,2,10,53
22,10000,1,2,1300,2,18,86
5096,1500,0,1,400,3,1,106
7396,2650,0,1,439,1,23,104
2643,7095,3,3,1500,5,18,26
7979,3950,1,1,525,2,22,42
1591,4500,1,1,885,9,12,15
9763,6750,2,2,1255,2,33,26
901,4250,3,2,800,13,46,9
10480,2395,0,1,525,3,5,66
2525,3525,0,1,448,2,30,6
10503,2700,0,1,408,6,10,14
4582,3800,1,1,880,7,18,16
8176,8599,2,2,1518,5,16,3
2083,3200,1,1,800,6,2,30
9898,3295,1,1,665,13,5,9
10610,2300,0,1,500,4,7,92
9033,4895,1,1,767,2,16,8
2502,7500,1,1,750,3,5,96
10382,3473,0,1,464,2,16,13
4922,2800,0,1,542,6,29,28
3495,7800,3,2,1900,5,7,91
2794,3400,1,1,667,2,12,9
1007,7900,1,1,860,8,10,7
4660,3850,2,1,853,10,6,6
11050,11500,2,2,1200,4,11,89
3443,2495,1,1,650,6,3,86
8904,2500,1,1,672,4,4,107
2787,7675,2,2,1207,6,22,8
682,4800,1,1,800,5,14,29
1242,4000,3,1,700,5,4,96
4577,4595,1,1,1037,7,18,12
1878,8800,3,2,1517,6,12,10
6868,3600,1,1,621,6,14,37
9951,4895,2,2,948,14,31,30
2183,14000,2,2,1828,4,8,76
8941,3000,1,1,600,2,14,89
10542,3000,2,1,700,2,5,105
4086,3500,0,1,900,3,5,106
4554,3045,2,2,800,9,3,106
2493,5300,1,1,925,4,18,18
6046,1695,0,1,250,2,6,96
3428,4041,2,2,829,5,3,52
2559,8300,3,2,2200,2,3,86
4564,3140,0,1,521,3,3,54
647,6756,2,2,1082,2,32,16
8348,1499,0,1,343,7,2,57
7769,5495,1,1,900,4,11,7
1639,3200,0,1,515,0,9,87
4974,2650,2,1,500,3,1,116
6692,5700,1,1,860,2,20,30
2501,3300,1,1,885,1,4,106
11171,10900,3,2,1825,12,20,26
8813,2675,1,1,550,8,17,32
1503,14000,2,2,1512,1,37,11
4416,5500,2,2,1105,2,28,34
6807,2800,2,1,525,2,4,96
1731,2300,1,1,535,3,1,106
3277,5900,1,1,1048,2,57,30
4588,15000,2,2,1784,4,45,33
514,3300,1,1,673,2,5,27
9897,7950,1,2,1321,3,4,116
10815,11000,4,2,2100,6,20,29
5875,2675,1,1,624,6,2,9
7923,4500,1,1,669,2,18,17
2946,2600,1,1,650,2,5,115
764,2400,1,1,875,3,2,85
10372,3380,1,1,594,4,12,18
347,5495,1,1,820,1,23,76
2130,9100,2,2,1565,2,7,1
1237,4800,1,1,1001,2,6,57
2538,2595,0,1,500,5,9,64
4829,3750,1,1,667,4,18,20
2065,3100,2,1,700,6,3,115
6889,5995,2,2,1065,5,14,30
5815,3615,1,1,661,6,7,14
9567,3100,2,1,1000,4,5,91
4984,2395,0,1,463,3,10,51
1066,1950,0,1,400,6,1,96
9106,10000,2,2,1404,43,35,10
3534,3555,0,1,411,5,2,13
10156,5995,2,2,1380,16,7,35
9824,5100,1,1,875,2,39,38
7146,20000,3,2,2376,0,23,2
2588,2350,2,1,925,8,1,106
894,8000,4,2,1100,13,23,9
6526,7750,2,2,1342,2,15,28
5433,18900,4,5,2617,43,8,8
10686,10995,4,3,2100,16,10,35
6527,3300,1,1,596,2,5,120
872,3995,1,1,872,3,19,85
5921,11900,2,3,2039,4,5,111
233,4175,1,1,885,6,6,60
2362,3100,1,1,594,4,9,18
10803,6100,1,2,912,2,3,124
8258,1600,0,1,550,5,1,11
10,7200,2,2,1500,2,9,48
5082,2750,0,1,400,6,4,106
2709,3650,1,1,750,4,1,89
2775,5795,2,1,940,43,9,8
8503,2350,0,1,400,4,25,42
10161,3425,1,1,681,1,15,19
1801,13500,3,2,1802,12,27,26
11049,6650,2,2,1117,1,5,74
11030,7500,1,1,942,3,15,75
3429,4584,2,2,994,5,5,52
676,10000,3,3,1850,5,24,10
8182,10950,3,2,1700,6,10,86
7778,18000,3,3,3500,2,2,106
3452,5650,4,2,1200,7,10,38
6398,3150,1,1,694,5,4,18
1147,11800,3,2,1681,43,20,8
7744,4800,1,1,1100,10,15,53
9137,2400,0,1,550,4,16,55
7219,4650,1,1,704,2,6,32
4783,2800,0,1,544,3,8,31
1076,5000,4,1,1200,3,5,106
11227,6495,2,2,1600,8,3,86
2680,2760,0,1,412,6,9,14
5962,6750,2,2,1456,6,4,31
7697,1650,0,1,300,5,1,96
5203,4180,1,1,973,7,15,39
6108,6750,3,2,1160,6,33,37
4991,3840,1,1,618,4,31,43
9846,3800,1,1,670,2,28,9
10821,3500,1,1,700,3,8,11
8730,5995,2,2,1372,10,7,27
6409,7090,3,2,1439,7,6,39
600,7500,3,3,1550,8,6,29
3977,3100,0,1,500,6,5,59
714,3350,1,1,638,2,23,28
1233,2695,0,1,480,3,10,31
904,2500,0,1,400,2,4,28
8008,3200,2,1,850,3,15,52
8994,3395,2,1,800,3,3,126
3615,3700,1,1,704,10,4,9
1463,3595,0,1,700,3,28,29
6632,4320,1,1,704,2,3,0
2993,11000,2,2,1576,7,11,11
10018,3950,1,1,750,2,7,91
6001,3200,2,1,900,11,2,106
6633,3800,1,1,600,1,9,31
6613,2600,2,1,700,9,3,96
4071,1625,1,1,550,4,6,96
10548,3310,1,1,617,7,28,39
1873,2650,1,1,590,2,7,53
3967,2450,2,1,1400,5,4,101
1294,4300,1,1,520,2,4,106
9059,5700,3,2,1250,3,5,96
8346,15000,3,2,3000,2,1,106
7004,2000,1,1,632,5,1,58
3754,9999,4,4,2760,9,17,59
641,2100,0,1,500,6,1,96
5022,3800,2,1,850,6,2,56
1396,16000,2,2,1729,1,39,11
5331,3500,2,1,675,2,4,105
2020,9500,2,2,1430,4,12,58
1602,2800,1,1,432,4,8,111
10810,2000,1,1,500,2,2,116
2350,15500,3,3,2000,4,14,47
6082,5460,2,2,1109,7,12,7
5443,3800,1,1,633,6,25,28
6173,3250,0,1,500,6,3,11
7239,3995,2,1,1000,2,6,91
6937,3900,1,1,700,2,10,57
185,3375,0,1,600,1,19,88
165,3750,1,1,657,9,22,28
8800,6600,2,2,1190,43,32,10
3938,3300,2,1,606,6,8,37
1169,4395,1,1,788,3,9,10
5051,2700,0,1,511,3,30,30
2452,6700,2,2,1250,4,6,106
3629,3800,1,1,680,12,3,8
284,4685,1,1,664,2,19,13
8447,3410,1,1,850,3,6,66
2908,3500,1,1,681,3,3,15
8945,4250,1,1,1021,7,9,53
5207,4895,2,2,910,10,11,16
8375,2900,0,1,497,15,30,43
7939,3300,4,2,1000,2,4,109
2098,3495,1,1,640,2,9,90
4622,3170,0,1,574,1,8,19
5283,3400,2,1,800,2,1,106
2836,2150,0,1,500,5,4,93
7986,11995,4,3,2132,2,10,86
3323,3200,0,1,561,5,5,17
7596,2200,2,1,850,8,2,116
2104,3500,0,1,665,5,15,37
10491,2300,0,1,500,3,9,106
6583,5200,1,1,850,1,29,51
10103,2595,2,1,750,10,2,106
688,5200,1,1,1060,2,18,57
8725,4262,1,1,739,1,11,29
2195,2975,1,1,650,1,2,89
11094,2700,1,1,550,5,4,1
3198,3620,1,1,660,10,8,16
10969,2795,2,1,1000,6,3,106
7202,2100,2,1,700,3,45,90
1666,2950,1,1,737,7,3,12
8120,2700,1,1,750,1,2,9
2134,15000,3,2,1700,6,7,12
11316,1995,0,1,400,5,4,106
5919,5000,1,1,747,2,46,6
8010,1790,0,1,550,7,3,106
7121,2900,0,1,400,2,2,116
4996,2950,0,1,520,2,14,14
7624,11500,2,2,1590,1,18,9
3831,3900,1,1,723,0,27,87
7571,5075,1,1,717,3,4,11
9176,3050,0,1,497,3,32,15
474,3000,1,1,550,5,2,30
10812,7000,2,2,2000,9,7,116
4934,3700,1,1,845,7,32,41
1402,5200,1,1,850,2,26,22
1202,6080,2,2,1140,5,30,17
7105,6895,1,1,1200,1,3,101
2723,2550,1,1,700,4,6,43
10694,6295,4,2,1200,8,1,40
5321,4200,2,1,1000,0,3,96
586,2377,1,1,720,5,12,7
7129,3300,1,1,730,9,9,57
981,4134,1,1,831,4,11,57
2860,10000,2,3,1721,1,3,90
3477,2992,2,1,950,4,5,106
1068,4800,2,1,800,1,5,103
4946,4700,0,1,749,4,5,4
9123,6500,2,1,1200,4,3,93
6641,3750,1,1,684,5,7,15
1749,2200,0,1,400,8,3,54
1257,3750,1,1,642,7,14,9
8017,3375,1,1,620,10,20,29
6639,2895,0,1,540,7,15,52
6590,8000,2,2,1940,1,9,104
3294,6853,2,2,1127,2,16,42
4005,2290,0,1,342,2,2,89
851,5200,2,1,850,6,19,36
3249,5000,1,1,664,1,4,1
11318,6000,3,1,1200,6,4,91
3098,4595,3,1,850,5,3,116
3861,6495,2,2,950,4,18,19
6700,3387,1,1,750,6,2,106
637,3400,3,1,800,3,5,95
7604,3475,1,1,585,6,4,113
10547,4245,1,1,641,4,19,16
4916,16750,3,3,2207,43,32,8
917,3800,1,1,700,13,21,9
2040,2900,0,1,425,2,3,28
8586,2550,0.5,1,355,4,22,85
3333,4900,1,2,1011,3,24,29
7322,6935,2,2,1098,5,4,13
3701,4650,1,1,677,4,1,29
1362,3900,1,1,606,2,51,6
7602,5515,2,1,1028,7,12,39
4503,3460,0,1,538,3,12,54
1862,6000,3,2,1200,2,23,31
9714,2995,0,1,439,6,2,106
10362,3000,2,1,600,6,4,106
5213,5380,1,1,850,2,15,11
5535,4564,1,1,607,3,2,16
4604,2200,0,1,400,8,10,54
5890,8095,2,2,1241,43,8,8
56,3500,0,1,560,4,35,12
1261,6996,1,1,1104,1,4,3
1986,3600,1,1,685,5,10,17
6075,14200,3,2,1947,1,5,85
5551,4050,1,1,594,2,15,0
5841,4750,2,1,850,1,7,30
5361,12500,2,2,2539,3,5,101
5109,7700,2,2,1165,1,15,9
218,18000,3,3,1850,5,38,10
301,11000,2,2,1285,2,31,10
10450,2700,1,1,600,3,2,106
4602,2595,2,1,550,4,5,116
204,3500,1,1,704,6,5,30
9751,4995,2,1,1260,7,19,52
5044,3900,2,2,1054,1,12,11
8772,2500,1,1,600,5,3,116
3004,3750,1,1,685,5,9,15
8770,11000,3,2,1800,12,36,26
4607,2800,1,1,630,5,17,46
1719,3778,0,1,943,4,17,47
9741,3345,1,1,665,5,17,17
9295,3900,1,1,650,5,3,30
1191,4600,4,2,1100,1,6,96
2953,6500,2,2,1162,3,15,15
8861,3100,1,1,704,1,5,30
6087,5827,2,2,1385,2,7,116
5218,4300,1,1,931,2,2,84
4911,2600,0,1,448,1,6,103
10380,3705,1,1,809,7,21,39
245,2500,0,1,480,4,7,20
766,3650,2,1,850,6,10,59
793,8995,2,2,868,3,6,115
361,10000,2,3,2010,4,22,31
9328,3800,0,0,986,3,3,25
2998,3250,1,1,700,6,9,87
646,6113,2,2,1004,4,9,19
6718,3500,2,1,800,2,2,116
8394,4000,1,1,740,15,30,43
3335,6495,2,1,950,3,1,116
11271,2995,1,1,999,4,4,106
4057,3250,1,1,727,12,19,32
6231,7500,2,2,1343,2,5,27
8886,2095,1,1,700,5,1,77
2232,5900,1,1,986,5,30,3
979,6400,2,2,1293,4,10,57
4145,8650,4,3,1860,17,6,15
2016,4600,1,1,1045,1,26,88
3236,2000,1,1,600,3,2,116
4159,3795,3,2,1110,4,5,13
6243,4745,0,1,863,3,4,52
10244,3910,1,1,623,8,25,16
9031,4335,1,1,542,2,28,8
5924,18000,4,4,2505,43,11,8
3936,2795,0,1,442,4,10,108
9294,13500,1,2,1287,1,40,3
11309,3495,0,1,400,4,1,81
168,3200,1,1,700,6,12,53
10928,3000,0,1,450,1,7,29
8232,2935,0,1,506,5,15,44
6180,3985,3,2,1187,7,3,11
4264,6650,2,2,949,3,9,103
2925,6100,2,1,850,1,4,86
6495,4375,1,1,750,4,2,180
5478,11000,3,3,2360,7,10,9
8020,3500,1,1,686,10,24,29
5205,3230,0,1,483,8,7,16
8022,5900,0,2,888,2,7,124
5831,11000,2,2,1819,6,4,13
7590,1300,0,1,275,2,2,104
9885,10900,2,2,1508,1,10,89
5969,9785,2.5,2,1638,2,40,29
16,16500,2,2,2075,5,21,17
1726,5505,2,2,1139,3,6,30
8063,3140,0,1,522,5,11,17
9818,3550,1,1,645,2,10,30
9032,7125,2,2,1021,2,35,8
6262,4412,1,1,668,2,14,16
4174,2500,1,1,650,4,4,96
6682,2200,0,1,575,7,9,60
4478,3450,0,1,625,1,9,51
11014,3800,2,1,750,7,7,32
1984,5295,1,1,700,2,6,4
10176,3990,2,1,880,2,6,116
556,10500,3,3,1940,0,19,87
7843,3500,2,2,650,8,4,116
8162,2500,0,1,400,5,15,30
3231,3100,1,1,610,2,8,30
7283,2550,0,1,400,2,12,86
6851,14975,3,3,2150,3,30,32
8079,2590,2,2,750,3,4,106
9452,2450,0,1,590,3,5,26
230,6500,2,2,1100,3,4,54
114,4290,1,1,732,2,45,6
1360,4100,2,2,1217,2,5,113
3509,3400,1,1,721,7,11,12
5267,2800,1,1,650,4,2,106
3811,3375,0,1,496,1,5,52
4066,9500,3,3,1600,8,8,46
8650,3950,1,1,746,1,4,29
11178,5295,1,1,590,3,3,2
566,12500,3,2,1600,2,38,38
8036,3650,1,1,650,43,20,14
6214,15000,3,2,2115,4,3,91
1926,4100,2,1,850,4,5,86
9273,4500,0,1,698,3,13,52
2876,5100,1,1,750,5,20,3
10458,6750,2,2,1387,1,11,88
3041,4500,2,1,861,4,21,37
3132,6000,4,2,2200,6,18,57
698,4650,2,2,1200,2,6,13
7041,4500,1,1,778,6,4,2
3605,6495,2,2,1080,3,28,13
8942,3775,1,1,682,4,12,7
4130,4650,2,1,1100,4,3,106
10496,6250,2,2,1341,4,16,9
8173,5250,1,1,973,2,34,34
321,5900,0,1,861,2,10,106
6677,3800,1,1,684,5,10,15
6052,3495,1,1,712,8,5,12
875,4825,1,1,710,2,26,17
269,6000,3,2,1200,3,5,53
5882,7004,2,2,1331,2,32,10
4955,12900,2,2,3000,3,16,89
2367,5000,1,1,635,8,11,10
96,7995,2,2,1372,5,7,10
10615,4000,1,2,893,1,1,77
4191,1450,0,1,500,3,1,79
11239,4000,1,2,890,9,3,106
2527,3100,1,1,600,3,5,116
1951,2670,0,1,600,10,1,4
8903,4500,2,2,1200,4,4,116
1461,11495,3,3,2038,1,5,180
3327,4040,1,1,630,4,5,16
8937,2350,0,1,500,10,3,105
506,4400,1,1,800,2,34,8
6673,3645,1,1,681,1,6,19
362,16000,2.5,2,1550,2,19,86
5920,5200,2,2,1100,5,8,59
9791,3000,0,1,550,7,18,16
6420,4660,1,1,744,4,4,2
1153,18500,3,3,1957,2,28,25
3103,10000,4,3,2042,6,1,86
6785,6000,1,1,982,7,41,6
1400,5900,2,2,1198,13,35,50
1048,2353,0,1,550,12,21,17
643,4181,1,1,586,2,33,16
10958,3461,1,1,788,7,6,29
11105,3600,2,1,800,2,2,52
2619,3450,0,1,661,2,42,38
10783,3500,1,1,800,1,18,29
5849,3295,2,1,900,15,3,16
7803,6600,2,2,1295,10,26,30
4379,8000,3,2,1481,6,20,28
5503,3595,1,1,625,8,2,106
4850,2900,0,1,419,2,5,29
177,11400,3,3,1607,5,5,88
626,17990,2,3,1715,0,36,2
8606,2595,0,1,305,2,6,89
3602,6350,3,2,1126,10,3,29
8069,2500,1,1,599,8,5,29
5992,5400,3,2,1500,3,11,32
6244,7700,2,2,1309,3,4,52
786,6200,2,2,1210,12,38,27
3920,8795,2,1,1200,1,3,101
3945,3575,1,1,650,12,28,36
4419,2150,1,1,400,2,2,116
3311,7500,2,2,1450,4,8,61
9609,3450,1,1,746,2,12,90
5031,3200,0,1,520,2,29,14
5563,6075,2,2,1035,2,4,0
4074,4232,1,1,556,3,5,16
10022,3250,1,1,600,10,4,105
711,3670,1,1,687,10,8,7
1527,5500,1,1,1100,4,7,31
4734,2675,0,1,445,1,16,103
8039,5650,1,1,850,2,6,85
589,3500,1,1,600,2,16,89
883,16500,4,4,2700,3,24,29
8268,2750,1,1,480,1,5,103
798,8995,2,2,1537,9,17,11
8948,4569,1,1,920,4,6,57
7852,4870,2,2,1038,7,10,39
4099,3500,1,1,950,3,4,136
6364,3275,1,1,708,14,8,30
3066,14500,4,4,2070,4,18,43
2700,2600,1,1,700,10,4,36
2391,3000,0,1,500,3,5,115
840,3795,1,1,600,4,3,116
7359,7495,2,2,1209,2,18,30
1641,4700,2,2,1300,7,8,53
748,3610,0,1,525,4,28,16
4768,7895,2,2,1100,4,23,24
4269,5510,1,1,839,1,5,1
9862,4995,1,1,840,4,14,51
7341,2400,0,1,400,5,2,76
2187,4400,1,1,767,3,9,11
1433,2850,1,1,488,1,14,103
5943,3350,2,1,700,3,1,53
1916,14000,3,3,1948,5,23,12
8525,2200,2,1,575,8,2,115
669,2500,0,1,395,12,1,8
7758,2750,1,1,400,5,4,96
2822,3600,1,1,763,10,10,27
241,2300,1,1,443,2,6,9
5271,2850,1,1,750,1,2,96
6964,5897,2,2,962,12,18,4
11211,3125,1,1,612,8,15,18
6663,4010,1,1,709,8,14,16
4219,1775,1,1,550,8,4,96
4030,1795,1,1,400,6,4,96
2613,3700,1,1,808,2,51,30
9092,3195,2,1,800,5,11,116
10939,3795,0,1,766,4,19,47
5700,1799,0,1,400,11,1,106
9508,6600,3,2,1166,3,15,15
4979,9300,2,2,1342,1,6,3
223,3540,1,1,604,2,4,89
2382,8400,2,2,1300,7,19,14
5262,2199,1,1,500,5,3,96
3840,2995,1,1,350,1,4,116
9210,2450,0.5,1,550,3,6,60
10861,3450,1,1,639,3,16,30
3400,4995,1,1,785,4,5,52
6582,2849,0,1,436,6,3,106
4132,6830,1,1,950,1,8,116
5874,9250,3,3,1600,2,4,30
11128,2999,1,1,900,6,4,115
7020,3750,2,1,761,8,12,31
2858,4695,1,1,950,2,28,29
3484,5250,2,2,1170,3,7,89
5447,2995,1,1,616,9,6,105
6461,7675,3,2,1302,3,5,27
8048,12500,4,2,1771,6,7,12
2303,4500,2,1,900,8,15,52
8249,4850,1,1,700,4,20,24
315,4100,2,1,550,1,5,116
489,4000,1,1,800,13,38,9
43,2540,0,1,450,3,32,29
8515,3300,1,1,725,8,18,32
11340,3295,1,1,1086,11,4,108
4347,14750,3,2,2311,2,5,106
265,4550,1,1,662,3,11,11
10272,3325,1,1,1200,6,4,86
10314,16000,2,2,1729,1,39,11
10654,3300,2,2,1371,3,4,85
8521,2635,2,1,852,4,8,8
2383,7500,2,2,1225,7,11,14
1753,5950,1,2,900,1,44,29
7804,6250,2,2,1230,10,25,30
7978,2550,0,1,400,5,3,82
1120,4750,2,2,991,10,38,29
9464,6815,2,2,1209,4,18,18
951,5550,1,1,813,2,9,9
4061,2500,0,1,418,5,10,56
4118,4300,2,1,1000,11,22,43
4843,5195,3,1,1100,9,15,86
9704,3795,2,1,900,7,4,53
5928,4550,1,1,800,4,17,51
9249,3286,0,1,618,4,14,47
10319,3195,1,1,750,2,13,91
4498,12500,3,3,1762,4,5,16
6671,3645,1,1,666,1,6,19
4938,3650,0,1,1000,9,6,104
8574,17000,5,3,3500,1,6,101
3550,6900,3,2,1194,15,30,43
4673,3600,3,1,1100,3,2,106
2712,4800,2,2,1200,2,4,30
9743,3230,0,1,534,5,9,17
9124,3450,0,1,450,3,3,116
5662,4700,3,2,1150,14,1,116
6322,3300,1,1,700,7,5,116
7577,3194,0,1,470,4,4,19
3105,3950,1,1,642,6,34,37
7127,2150,1,1,700,10,2,106
7395,3700,1,1,795,1,8,104
7925,7550,2,2,1150,2,28,17
5191,3235,0,1,532,5,27,44
10634,3895,2,1,900,10,4,17
1684,4500,1,1,760,1,3,64
261,2599,0,1,500,5,3,116
9379,12000,2.5,2,1769,2,7,105
7613,3040,0,1,473,6,4,14
6084,3922,1,1,779,2,4,116
10411,5200,1,1,700,4,28,24
853,7500,1,1,860,8,10,7
163,3995,1,1,712,2,25,16
7886,4095,1,1,595,3,46,13
8368,2700,0,1,424,43,40,43
3426,2850,1,1,600,4,15,56
135,5200,1,1,900,9,22,15
5167,3850,1,1,676,2,7,86
10884,5695,2,2,1350,2,8,89
1002,4795,1,1,700,4,23,24
9214,6225,2,2,1207,5,28,17
1884,3700,1,1,850,5,10,86
10685,3595,1,1,775,4,12,53
10568,2900,2,1,800,5,5,115
6384,6100,2,2,1035,2,5,0
8266,2700,0,1,531,3,14,53
2903,6000,1,1,948,6,23,28
8509,3250,1,1,585,5,31,30
188,10500,3,3,1587,5,19,10
9871,14700,3,3,1622,1,16,89
4197,4850,2,2,948,14,23,30
4341,2100,0,1,467,11,8,50
6381,3197,0,1,468,2,9,16
9808,17495,4,4,2800,2,8,91
1017,4600,4,2,1500,3,2,106
6506,10250,2,2,1400,3,1,116
8524,3950,1,1,649,2,10,27
3634,6800,3,2,1040,4,9,37
6728,17500,4,3,3200,3,3,116
1557,3300,1,1,725,1,6,29
5929,7995,2,2,1531,2,4,106
4435,3600,1,1,700,6,12,37
9086,3400,1,1,750,2,4,116
756,6900,1,2,1097,2,2,96
9533,5830,2,2,1097,1,23,19
2469,3400,0,1,429,2,9,13
10415,4800,2,1,900,4,3,33
10303,2700,2,1,625,1,4,116
5134,2395,0,1,550,2,2,86
4784,5400,1,1,722,6,8,13
4778,8900,2,2,1700,2,24,43
11064,3400,2,1,900,3,2,52
9215,7505,2,2,1447,5,5,17
1788,3000,0.5,1,636,7,24,33
3540,6000,2,2,1198,3,20,11
2122,5150,1,1,977,10,50,27
3561,2250,1,1,600,14,5,96
10422,3395,1,1,600,12,29,36
10013,3300,1,1,500,1,14,51
7044,2495,0,1,435,8,24,28
2140,4500,3,2,1400,4,4,116
4761,4250,2,2,1250,5,3,76
4133,10000,3,2,2900,2,6,92
6238,5850,2,2,1144,3,5,18
4354,3221,0,1,597,3,5,44
2414,19000,2,2,1441,8,16,7
8882,4000,2,2,1000,5,10,12
2043,4600,1,1,799,2,34,6
3478,3750,1,1,920,9,11,30
1071,2750,1,1,549,5,4,56
5085,3195,0,1,520,2,30,14
9232,1895,0,1,500,4,3,3
2554,3550,0,1,569,2,29,38
39,4500,1,1,704,2,34,6
3646,8000,2,2,972,3,4,8
3549,3200,0,1,557,3,15,44
3143,2995,0,1,375,5,5,86
1979,5650,2,2,1077,11,29,12
2522,6450,2,2,1216,2,12,101
2587,12500,1,1,2600,5,2,96
10160,3450,1,1,662,1,19,19
8640,3600,1,1,825,6,6,30
7161,4040,1,2,953,8,21,18
8561,3895,1,1,828,5,16,86
8774,2500,1,1,600,2,1,59
55,6600,2,2,1207,2,48,9
7353,2275,0,1,550,5,3,116
11217,2400,0,1,450,7,3,55
1320,4500,1,1,886,1,7,180
10981,3150,1,1,500,8,5,32
10217,2995,1,1,750,3,3,51
5783,6050,3,2,1200,12,25,36
2783,5400,2,2,2000,9,1,104
1685,6800,2,2,1284,4,18,47
11058,5244,2,1,888,0,4,4
6399,7700,3,2,1164,2,17,0
1576,5995,2,2,968,2,12,28
3051,6795,2,2,1400,8,21,9
5149,3190,1,1,785,10,2,6
3405,3800,0,1,446,1,4,11
5545,4302,1,1,510,3,14,16
3044,15000,4,3,2200,7,26,34
10265,4000,1,1,800,2,36,9
92,2800,2,1,700,1,4,96
6675,5190,2,2,972,4,11,28
11249,3250,0,1,500,10,4,48
6664,3990,1,1,684,8,19,16
2085,2950,1,1,500,7,11,88
8522,2699,1,1,800,13,4,106
7555,8000,2,2,1100,3,36,29
6482,20000,3,3,2500,9,83,15
11228,5200,2,2,1400,8,10,86
3093,3450,1,1,800,3,7,89
3399,5995,2,1,950,3,4,116
10154,2700,0,1,600,10,10,27
7686,3900,1,1,667,6,19,8
211,12995,2,2,1672,4,16,7
4713,4995,2,2,1050,2,24,34
873,5700,3,2,1400,3,9,32
9549,2790,0,1,487,4,4,47
7332,3200,2,1,725,2,5,116
7141,8975,3,3,1600,8,17,31
10185,6200,1,1,958,3,5,116
10065,2700,0,1,417,2,19,28
10206,4250,1,1,759,3,2,11
2374,2800,0,1,570,4,10,51
3447,2100,0,1,550,3,3,116
11263,3195,3,1,1700,7,2,96
2517,6500,2,2,1150,6,19,11
4520,2995,0,1,500,6,11,58
8072,4850,1,1,675,2,21,42
4601,1395,1,1,500,5,5,111
7585,6600,2,2,1550,4,12,33
3415,6250,3,3,1800,2,2,92
465,13750,3,3,1683,1,6,89
10037,2870,0,1,585,2,4,120
2499,13500,2,2,1612,3,39,11
4149,12000,3,2,1949,8,32,9
3270,8000,2,2,1100,5,22,30
8076,6000,1,1,1200,1,6,106
905,7900,2,2,1324,8,7,1
4291,4800,2,2,1100,6,6,59
4763,3810,1,1,707,4,12,28
160,4500,0,1,500,6,1,116
5184,4500,2,1,900,43,14,14
9237,3125,0,1,627,2,18,120
8080,2150,0,1,500,3,11,86
10390,4000,1,1,868,2,7,58
4586,2350,0,1,400,1,2,101
1949,2495,0,1,450,2,5,116
4462,3410,1,1,788,7,11,29
8292,4665,1,1,941,7,14,39
1417,3900,1,1,682,15,30,43
5194,5735,2,2,1115,4,4,28
9872,2385,2,1,800,9,5,106
3038,10500,2,2,1625,2,6,75
9548,3055,0,1,578,4,22,47
7457,3000,0,1,640,5,46,13
5195,4865,1,1,729,2,16,13
1807,4500,1,1,1100,1,6,180
1073,3000,0,1,573,11,9,31
3528,4395,1,1,800,4,6,7
9315,3400,1,1,760,12,7,27
8121,2700,1,1,750,1,5,9
11070,4700,1,1,708,2,47,6
9935,3600,1,1,768,2,3,26
2615,3500,1,1,750,7,29,49
4939,3975,1,1,741,1,12,29
5025,3525,1,1,633,2,26,41
6146,1900,1,1,650,5,5,94
9494,6150,3,2,1126,10,9,29
4929,4395,2,1,1000,4,2,76
10045,3345,3,1,1500,3,2,94
6154,4695,3,1,800,2,10,116
9173,3500,1,1,707,12,10,27
9669,5995,2,2,1500,3,8,89
8138,5400,1,1,714,1,6,1
2625,2670,0,1,265,9,3,0
3623,5850,1,1,1100,2,37,30
469,5800,2,1,1031,1,2,19
1853,16500,2,2,1766,3,8,116
10387,7115,2,2,1413,5,15,17
4998,11500,3,2,2200,4,8,96
7060,2695,0,1,375,4,21,108
2911,3430,1,1,900,6,4,53
3303,3695,1,1,785,3,40,11
6255,2700,0,1,525,11,3,12
8070,6700,3,2,1355,15,13,60
10351,2910,1,1,800,10,23,4
5,1875,0,1,450,3,5,116
6683,2925,0,1,580,6,12,33
4705,9200,2,2,1500,2,4,106
3908,2600,1,1,600,9,2,96
6965,8150,1,1,860,8,10,7
3776,3365,1,1,614,6,3,14
180,2750,1,1,1236,4,1,6
4765,3250,1,1,722,12,7,32
8149,2950,0,1,600,4,8,85
11349,4500,1,1,850,2,6,30
9564,4375,1,1,693,2,6,8
303,6995,2,2,1446,3,35,11
11127,3500,1,1,700,11,9,31
5007,2500,0,1,550,1,3,54
304,4995,1,1,850,1,4,77
3003,6995,2,2,1350,6,4,104
7809,6800,1,1,800,2,8,121
9851,4950,1,1,810,2,14,30
9591,3800,2,1,700,4,3,116
9231,4273,1,1,723,9,7,9
10970,10000,3,3,1770,5,10,10
3772,2825,0,1,505,2,23,41
4042,2575,1,1,600,4,9,8
10167,7865,3,2,1421,4,5,28
7002,3210,0,1,576,5,10,44
6976,3150,1,1,700,12,12,27
4808,8400,2,2,1447,5,7,2
913,3300,2,1,900,1,3,86
7150,5295,2,2,1015,8,18,29
3649,6995,1,1,1000,1,6,109
4697,12000,2,2,2300,2,6,109
6182,2600,0,1,525,5,2,101
8973,6200,4,2,1500,4,1,116
9983,3895,0,1,474,5,3,13
9144,2695,1,1,750,3,5,90
6897,2695,0,1,440,3,19,37
5328,3195,1,1,625,4,3,30
10754,12500,2,2,1994,1,1,14
9963,3150,1,1,730,9,9,57
2910,3800,1,1,700,10,9,9
3112,10400,2,2,1260,3,36,11
573,5454,2,2,1200,1,18,51
11321,3400,1,1,795,0,26,48
7392,3395,1,1,775,4,3,106
4357,3525,1,1,642,4,15,18
1875,2295,1,1,585,6,2,96
3030,2600,0,1,513,2,19,31
8798,4700,2,2,1000,4,7,30
7659,3350,1,1,667,2,14,9
2779,7350,2,2,1090,2,30,17
4453,3100,1,1,750,3,3,90
4195,6840,3,2,1285,7,10,33
121,7300,2,2,1333,43,18,8
4058,2700,1,1,700,6,2,101
6406,3495,2,1,1000,4,1,91
7552,7800,3,2,1425,3,9,54
6181,2750,0,1,500,3,4,28
5436,16900,2,2,1599,2,27,56
8609,5975,2,2,1224,1,19,19
3196,6115,2,2,1030,7,3,5
1201,6045,1,1,747,3,35,6
5153,3020,3,2,1774,4,1,8
1042,2895,0,1,495,2,12,85
7398,3500,0,1,615,2,29,38
943,10000,2,2,1508,1,8,89
8255,1500,0,1,639,3,5,106
1414,6900,1,1,980,2,12,75
1881,3800,1,1,650,6,20,8
7272,5100,2,2,1012,12,12,32
477,15000,3,3,2300,4,5,111
10972,3195,2,1,800,8,1,115
3518,12495,3,3,1847,4,19,7
1182,8995,2,2,1600,3,9,91
891,3250,0,1,726,1,4,76
4824,4360,1,1,704,3,8,54
7504,3095,0,1,520,4,6,19
5908,2995,1,1,600,8,1,96
896,3650,1,1,700,13,16,9
3943,2900,0,1,549,7,16,16
4876,4000,1,1,750,3,32,31
8365,4047,1,1,659,1,2,29
5152,4200,1,1,950,1,2,76
3432,18000,3,2,2316,5,7,102
10150,3595,2,2,1068,3,8,12
10956,14950,3,2,2200,3,7,1
7723,8500,2,2,1322,5,9,84
10313,5000,3,2,1200,3,12,96
8988,10905,3,2,1400,6,30,6
8597,3695,1,1,520,2,17,29
8068,4355,1,1,821,6,11,14
9277,14900,2,2,1600,2,33,56
11193,5050,0,1,885,3,9,52
2655,3395,1,1,700,10,26,4
3918,5500,2,1,1200,5,12,80
5837,3088,0,1,565,13,15,1
2275,7500,2,2,1287,5,2,110
1707,3775,1,1,660,2,16,120
1702,4500,1,1,1052,7,10,16
3810,8100,2,2,1565,5,26,37
9661,3276,0,1,557,4,8,47
8356,2650,0.5,1,600,4,4,52
6453,1995,1,1,475,8,5,91
8797,13250,2,2,1576,5,3,2
10805,3225,1,1,684,2,4,90
122,6900,1,1,1000,1,2,109
1427,7500,2,2,1700,1,3,95
4139,3650,1,1,800,5,12,30
6451,13800,2,2,1410,43,22,8
10077,3200,0,1,515,0,9,87
9381,2630,0,1,529,7,10,29
6117,2245,0,1,600,7,11,9
2091,2450,1,1,650,4,4,116
2817,3500,1,1,840,2,6,13
4017,4300,1,1,650,2,10,89
3431,2550,1,1,550,2,3,96
1158,3095,0,1,570,4,26,15
3077,3600,1,1,629,7,24,39
4842,2700,1,1,550,4,1,106
545,7246,2,2,1080,1,8,89
8156,2400,0,1,500,8,3,29
11317,2250,0,1,400,4,3,96
10811,2800,2,1,600,5,3,116
5398,2390,0,1,505,1,6,75
10226,3300,0,1,615,2,21,38
7091,7950,2,2,1487,9,35,15
7216,2700,0,1,575,6,2,53
3993,7556,3,3,1967,16,3,65
7534,7995,2,2,868,3,6,115
7626,4175,1,1,707,2,4,13
3927,7250,2,2,1127,2,25,10
8672,2375,1,1,600,9,1,59
9845,5500,2,2,1078,2,14,25
563,7550,2,2,1510,5,6,2
7393,2850,0,1,579,1,22,104
3582,4300,2,1,896,1,2,75
1713,5275,1,1,688,3,15,11
2315,1900,0,1,300,3,4,116
4898,3795,1,1,862,4,9,108
4908,4795,3,2,1000,1,7,12
8556,5000,1,1,836,2,5,10
9664,5758,2,2,1079,4,11,47
735,6300,1,2,1000,4,36,33
7509,2495,0,1,500,2,1,56
4348,3795,1,1,688,0,15,87
10419,4995,2,2,1779,4,1,96
1522,6115,2,2,1033,8,20,16
3801,2365,0,1,400,2,3,91
9022,5020,2,2,962,10,7,16
7203,5651,2,2,1022,4,18,47
435,7700,3,3,1400,4,10,27
2199,3575,1,1,591,6,8,113
1616,4600,2,1,1100,9,6,81
1249,3700,1,1,892,16,8,65
5249,7450,2,1,1000,3,3,61
5111,4625,1,1,750,6,18,11
879,4725,1,1,715,2,5,17
10554,3162,1,1,812,5,5,52
1961,3000,1,1,894,7,11,9
3933,4720,1,1,691,4,4,2
3892,4700,1,1,651,4,32,16
2670,11000,4,3,2127,4,14,10
9796,2500,0,1,550,5,11,52
10456,3495,1,1,750,3,6,51
9561,3990,1,1,700,2,15,9
6038,4200,1,1,650,1,20,31
11184,2000,1,1,850,2,5,106
10512,3600,0,1,650,10,8,0
3455,7000,2,2,1329,8,26,9
387,6000,1,1,1100,6,25,48
11203,2850,1,1,600,0,12,48
2123,7800,2,2,1800,2,11,75
8758,10000,3,2,1935,1,9,29
2737,4300,1,1,832,10,21,53
2451,15750,4,3,2500,3,2,116
3870,12500,3,3,1866,7,43,6
10799,5000,1,1,631,2,32,11
10197,2100,0,1,400,6,3,101
9716,2900,1,1,724,10,21,7
2622,2895,0,1,355,9,4,0
4882,3450,1,1,828,5,20,86
7310,9400,3,3,2010,4,22,31
6091,1950,1,1,600,14,2,106
3188,2050,1,1,400,6,2,101
1390,3500,2,2,756,17,3,15
1950,3100,0,1,600,1,22,88
6966,7995,2,2,1200,2,3,124
6852,3800,1,1,750,5,5,87
11148,4269,2,1,1013,2,9,48
9569,3100,2,1,1000,4,5,91
11261,2850,0,1,600,2,5,56
3179,4895,2,2,1000,1,5,24
2456,3600,1,1,800,4,9,85
228,3100,0,1,597,3,5,10
3795,3300,1,1,800,3,3,116
2664,2900,0,1,550,2,7,84
6157,3575,1,1,685,9,4,15
7279,3300,1,1,753,6,28,30
4286,2600,0,1,620,10,6,18
4095,6995,3,2,1265,1,19,4
4747,5400,1,1,910,3,9,52
10252,8500,3,3,1650,6,10,36
10759,2725,0,1,600,3,12,51
440,5000,1,1,860,1,5,51
275,9900,2,2,1557,5,17,12
10391,1950,0,1,500,8,3,132
707,3200,1,1,615,2,14,9
1226,7100,1,1,1250,2,4,1
5819,3450,1,1,747,2,8,90
4728,7000,1,1,936,2,11,1
7167,4300,1,1,760,4,18,9
6190,3995,1.5,1,900,12,24,36
10361,6189,2,2,963,4,12,19
2063,2750,2,1,800,4,1,96
7884,3295,0,1,540,3,43,13
10726,3665,2,2,850,6,3,106
842,5600,1,1,900,1,25,11
1580,11500,3,2,2218,1,2,15
7607,3700,0,1,434,3,26,6
2384,11500,3,3,1600,7,7,14
1116,4000,1,1,670,1,9,28
9570,3100,2,1,1000,4,5,91
495,4500,1,1,850,10,22,30
6454,3200,1,1,735,7,7,43
8429,10000,2,2,1251,0,24,2
11282,6850,2,2,1200,2,4,116
2899,2650,0,1,521,3,7,15
3184,3850,1,1,650,2,5,106
243,12500,3,3,2124,6,6,102
4583,2650,0,1,403,2,4,28
2654,3300,1,1,641,6,11,37
1104,2950,0,1,526,4,36,12
3485,3480,2,2,1227,8,5,9
1663,4167,1,2,726,5,12,52
8001,4550,2,2,1300,3,11,86
6722,15000,3,3,2245,6,19,16
4969,3050,0,1,590,3,27,29
7259,3600,1,1,650,3,17,31
8593,4300,0,1,611,2,11,1
746,2763,0,1,487,4,14,47
5431,5250,2,2,1198,4,9,7
11292,4500,1,1,786,6,12,28
4370,7999,2,2,1911,2,5,86
8665,4442,1,1,558,3,9,16
607,8000,1,2,1238,2,23,43
6691,4700,2,2,1002,6,27,28
9000,7250,1,1,758,3,4,3
10268,9500,3,3,1698,43,19,10
8975,1925,0,1,425,3,2,90
8635,9167,2,2,1488,1,6,90
8765,2500,0,1,500,3,2,116
9936,3195,1,1,615,2,4,9
10652,3350,0,1,562,2,4,0
6638,3995,1,1,924,7,2,52
7560,3999,1,1,500,3,2,106
3871,3950,1,1,805,7,8,12
7676,5695,2,2,1000,4,2,7
6418,3820,1,1,665,8,25,16
5728,3753,0,1,523,1,10,29
9320,2795,2,1,750,11,4,91
3987,3600,1,1,764,7,7,29
5319,2695,1,1,575,9,5,116
6241,7425,1,2,1038,3,12,52
5461,4250,1,1,850,3,3,96
412,9900,3,3,1685,3,43,15
8601,4400,1.5,1,1000,6,8,58
1717,2650,1,1,780,5,12,7
1054,6295,2,2,1300,4,41,15
11285,14995,2,2,2041,2,2,116
7578,12000,4,3,2468,10,9,116
9239,2800,1,1,600,10,6,30
1340,5300,2,2,1001,3,4,18
3326,2965,0,1,412,6,8,113
1592,6500,1,1,646,3,9,27
3334,3000,0,1,700,6,3,57
1077,4250,1,1,890,1,5,180
3562,4600,1,1,850,3,7,87
2353,3300,2,1,950,9,3,106
9023,3375,2,1,800,6,4,106
10462,3499,1,1,650,1,7,51
7742,9750,2,2,1518,4,14,10
10123,2625,0,1,520,1,7,104
9300,5400,1,1,811,6,19,5
2090,6900,2,2,1175,6,7,5
7921,2700,1,1,575,2,1,59
10145,4745,1,1,719,2,20,16
7653,2595,1,1,650,7,15,106
5176,4750,2,2,825,1,3,31
7904,3775,1,1,800,3,6,91
2340,5000,1,1,895,9,18,15
8841,3808,0,1,446,2,35,13
9376,5200,3,2,1012,12,6,32
9290,6100,1,1,991,3,39,11
9202,3500,1,1,800,3,36,29
492,7750,2,2,1400,4,9,47
11185,3850,1,1,745,5,12,10
1106,6650,3,2,1040,4,8,37
3123,3300,1,1,850,11,4,77
2153,5600,1,1,982,7,33,6
7997,3300,1,1,750,3,4,96
9696,2800,0,1,516,0,13,87
149,6000,2,2,1265,8,20,9
10014,2700,1,1,605,11,2,50
6550,6250,1,1,917,3,3,116
8150,2895,1,1,600,3,3,105
818,4500,2,2,1000,6,3,28
1775,13000,2,2,1549,3,15,89
9943,5500,2,2,1100,10,4,10
450,3750,1,1,950,3,7,57
4608,15000,4,3,2300,5,3,116
4751,4150,1,1,800,1,10,24
10751,2750,0,1,417,6,3,106
7675,3140,1,1,612,8,23,18
10713,4500,2,1,800,2,3,76
4930,4700,1,1,1000,4,7,93
5805,2775,0,1,499,1,12,112
5373,3100,0,1,549,2,6,84
6667,5740,2,2,1115,4,3,28
7679,4295,1,1,670,3,10,13
9989,3360,1,1,624,5,20,17
2759,4200,1,1,772,3,8,94
8577,2595,0.5,1,430,4,4,85
1247,2400,1,1,575,3,3,96
9953,4300,1,1,875,8,36,29
6415,6040,1,1,747,3,42,6
3954,9900,2,2,1164,8,23,10
9488,2800,1,1,650,11,3,43
7564,6995,1,1,550,3,6,106
9247,4450,3,1,905,4,4,115
8569,6700,3,2,1040,4,24,37
6927,11500,3,3,2744,0,2,94
10681,18000,3,2,2352,2,4,86
11283,7900,2,2,1437,1,17,19
7888,3500,1,1,900,4,4,116
1229,2395,0,1,400,8,21,86
8724,3970,1,1,577,1,10,29
1977,3133,1,1,676,2,7,48
127,2600,0,1,650,2,2,31
5309,2975,1,1,700,3,9,88
2026,12000,1,2,2700,3,33,30
8619,6018,2,2,1260,7,18,39
11065,2650,0,1,408,3,4,57
5065,2680,1,1,600,8,4,39
8820,2995,1,1,600,2,4,51
5455,8000,2,3,1500,4,6,10
2513,3200,2,1,950,3,5,77
3564,1425,0,1,350,4,2,106
1925,16000,3,3,2184,11,8,8
9085,3800,1,1,620,2,23,30
10048,6000,2,2,951,5,16,10
7251,4900,3,1,792,6,1,116
10389,3200,1,1,712,2,4,9
2757,3525,2,2,777,6,5,106
3246,3650,0,1,489,3,9,16
3675,13000,3,3,1698,43,4,10
11013,3770,0,1,478,3,42,6
6885,2695,0,1,440,3,25,37
8129,17000,3,2,2200,3,7,1
3596,5495,2,2,1000,4,50,15
3891,3215,1,1,554,6,5,14
1840,3355,1,1,602,7,28,39
3060,8800,3,3,1685,11,31,15
2270,6179,2,2,1004,4,7,19
11331,3460,1,1,653,4,8,18
5238,2400,1,1,500,2,4,116
8748,4250,1,1,732,2,11,92
8621,2625,0.5,1,396,4,14,85
1856,3950,0,1,500,3,3,86
10423,3011,1,0,550,2,20,54
2642,5000,1,1,706,3,7,116
3159,3700,1,1,760,5,41,30
6048,2790,1,1,700,2,2,81
7673,6873,2,2,1231,2,20,16
1638,8500,2,2,1250,1,6,9
242,7650,2,2,1266,2,25,11
3012,2600,2,1,950,3,3,116
7005,3450,0,1,550,4,37,12
6370,4400,2,2,1035,10,4,18
2772,2900,0,1,556,3,30,13
1692,3700,2,1,973,6,18,30
3962,3500,1,1,705,5,3,30
8371,2900,0,1,497,15,30,43
9733,1925,0,1,300,6,4,106
5926,4500,1,1,959,2,11,106
2475,4745,1,1,808,43,6,8
4255,3700,1,1,700,1,2,115
7772,2700,2,1,800,3,4,67
376,3399,1,1,655,3,22,86
6350,6950,2,2,1273,1,9,31
7632,4362,1,1,616,2,26,16
8533,3300,2,1,793,8,6,29
9422,2050,1,1,550,8,1,106
11112,5200,4,2,2700,1,1,106
10982,4000,2,1,700,2,3,106
6030,13900,3,2,1980,12,5,9
9155,4300,1,1,895,4,4,90
8230,3340,1,1,650,3,15,30
6914,3655,1,1,586,2,14,99
8107,2295,1,1,670,2,3,11
5891,3500,1,1,700,2,3,96
8124,5950,1,1,967,2,30,11
2543,3650,0,1,548,1,3,5
10353,4344,1,1,586,3,2,16
5379,2800,1,1,600,11,4,96
2312,3495,1,1,700,3,8,88
7496,2700,1,1,650,1,5,54
4183,5000,1,1,620,4,3,2
10218,8500,2,2,1377,6,17,2
4603,2100,1,1,505,5,2,2
805,6000,2,2,1166,2,12,58
5782,4200,1,1,601,3,10,29
7677,6395,2,2,1000,4,6,7
4369,3250,0,1,650,7,2,84
1699,4027,1,1,592,4,10,19
9168,2850,2,1,700,7,5,106
1061,8500,2,2,1215,5,30,84
5348,4260,1,1,664,2,11,13
10525,4009,1,1,650,12,12,4
4963,6150,2,2,1500,3,3,94
2410,3850,1,1,655,1,8,12
6891,4500,1,1,768,2,48,9
4011,4990,1,1,697,2,26,13
683,5500,1,2,1467,9,7,87
11190,9000,1,1,1450,4,11,89
3883,3800,0,1,448,10,4,116
2889,10000,3,2,1612,3,31,11
8907,3350,3,2,1300,3,3,96
10761,2500,0.5,1,600,2,2,57
8060,4055,1,1,804,5,15,17
1232,3400,1,1,850,3,6,87
5885,1925,1,1,650,2,1,92
5931,7500,2,2,1400,5,8,9
4906,2100,0,1,408,3,6,106
4385,4965,1,1,688,2,3,8
10855,3050,0,1,600,10,32,30
10753,10900,2,2,1589,1,2,13
6655,2950,1,1,550,9,16,36
7092,3150,0,1,545,2,12,85
411,1450,0,1,450,3,1,90
6524,2395,0,1,390,8,5,28
6492,4450,1,1,1122,4,7,52
1863,4850,1,1,936,1,3,52
7808,3662,1,1,643,4,15,2
4339,8995,1,2,1553,4,7,110
7783,3399,2,1,895,4,2,106
5482,15000,3,3,2000,2,12,53
5855,4000,1,1,783,1,19,33
2221,4200,1,1,750,1,3,29
9429,3500,1,1,768,3,9,53
10069,2500,2,1,900,4,4,106
7567,2550,0,1,481,5,4,116
176,4965,1,1,814,1,7,89
3382,2550,0,1,475,6,4,55
2100,6520,2,2,1286,43,4,8
2097,4650,1,1,781,6,10,8
8754,6850,2,2,1404,43,6,10
3325,3400,1,1,602,7,29,39
8544,2050,0,1,450,8,1,96
4539,2350,0,1,425,7,3,27
1473,16000,3,3,2408,5,31,3
9079,3428,1,1,595,9,6,86
1031,17900,3,2,3680,4,11,106
1551,9150,2,2,1410,5,6,2
1198,4020,1,1,750,3,22,15
11187,1895,1,1,725,1,1,0
5517,4330,1,1,664,2,18,13
6081,4430,1,1,884,5,26,17
6918,4930,1,1,582,7,9,5
1752,6250,2,2,976,1,9,31
9842,1850,2,1,520,4,2,96
7445,3950,0,1,600,2,6,77
9874,2850,0,1,450,3,12,30
5442,5000,1,1,779,7,31,6
5454,6995,1,1,1000,4,3,116
184,8500,2,2,1242,2,29,10
8419,2700,2,1,850,1,4,96
7835,3195,0,1,506,5,9,30
2880,6400,1,1,756,1,3,11
3318,2900,1,1,750,4,2,61
7443,4000,1,1,725,2,38,29
11286,8760,2,2,1386,4,32,11
5732,3720,0,1,818,4,11,47
9236,5995,2,2,1206,2,19,120
9101,9450,4,2,3000,2,8,111
2936,7500,2,2,1236,1,8,29
3418,5700,1,1,693,3,3,56
4731,3500,1,1,717,5,14,10
2510,8750,2,2,1339,43,33,8
1672,20000,3,3,2400,10,57,27
10914,4850,3,2,1400,3,4,52
7314,16995,3,3,2153,5,12,37
11175,2700,2,1,937,2,5,8
6155,4625,2,2,915,3,6,15
5242,4995,2,1,927,11,8,31
5314,7011,2,2,1293,4,12,57
2811,3950,1,1,841,2,12,85
10712,4200,3,2,775,3,5,55
1839,4299,2,1,925,2,11,57
5063,12195,3,3,1789,4,22,7
3319,5995,2,1,950,3,1,116
5610,3095,1,1,750,3,3,51
3604,6350,3,2,1126,10,3,29
1613,3950,1,1,667,4,6,37
4160,2500,1,1,550,9,9,59
4775,8950,2,2,2002,2,7,105
6270,2595,2,1,600,8,2,91
5797,1700,1,1,780,3,2,90
8911,2495,0,1,484,5,11,56
8633,4595,1,1,750,3,5,96
3734,3589,1,1,964,5,5,101
9614,3250,1,1,700,8,6,15
337,5995,1,1,1100,3,4,105
9746,7509,2,2,1109,2,39,16
855,3200,0,1,541,2,2,105
6554,4390,1,1,885,2,37,9
3216,4525,3,1,900,7,8,38
1903,8300,3,2,1400,5,4,30
5127,2295,0,1,450,4,1,101
8604,4640,2,2,846,6,12,14
7406,7285,2,2,1350,9,5,86
5079,4575,1,1,730,3,14,89
10518,6995,2,2,1306,2,8,28
4134,2295,2,1,800,4,5,86
3241,8995,3,2,1400,10,10,27
10709,3300,1,1,833,6,8,58
11298,3100,0,1,510,2,3,8
1105,3800,0,1,698,2,17,8
11039,13500,2,2,1980,6,2,96
1687,3800,1,1,655,10,3,0
1892,4650,1,1,787,2,24,11
3700,4975,2,1,1040,2,26,86
9970,3650,1,1,750,8,7,33
7006,5250,1,1,1052,4,35,33
9143,3650,1,1,650,2,2,54
1760,3800,1,1,800,2,3,89
2182,5999,2,2,1500,2,5,116
7603,5740,2,2,1147,7,24,39
5802,3200,1,1,601,2,16,28
3121,18000,4,4,2712,1,27,89
3138,3125,1,1,744,6,2,116
6909,3988,1,1,630,12,14,4
10027,5495,1,2,1060,2,17,34
3886,3200,1,1,753,1,4,77
7860,5500,2,2,1175,2,5,65
1849,9150,2,2,1266,1,8,89
10409,3995,2,1,890,11,11,43
3529,7000,3,2,1158,15,30,43
7134,8000,2,2,1075,3,11,10
4565,7900,2,2,1187,6,25,5
3598,2750,0,1,626,12,4,11
6136,3225,1,1,603,3,10,15
2959,6350,2,2,1364,5,24,17
7558,4500,1,1,840,3,9,94
6066,9500,3,2,1800,3,6,102
3709,8980,2,2,1257,4,6,2
536,6250,2,2,1100,2,20,89
8035,5555,2,2,939,3,26,15
2545,5500,2,2,1200,3,3,96
5601,3760,1,1,884,10,21,27
832,4200,1,1,391,3,1,115
307,7500,3,3,1326,3,4,38
2096,3850,1,1,847,2,25,13
61,4300,1,1,606,2,48,6
5463,3900,1,1,713,5,25,30
10352,1900,1,1,700,4,3,116
2667,3399,2,1,750,6,1,106
6072,4195,1,1,670,5,3,37
2300,5400,1,1,840,2,22,11
99,8950,2,2,1429,7,46,16
644,13950,2,2,1452,4,4,10
7975,2500,1,1,600,2,11,57
8658,9201,3,2,1166,1,16,29
6411,4145,1,1,814,5,32,17
10492,10500,3,2,1926,2,8,122
5302,4925,1,1,727,2,26,0
640,1950,0,1,450,2,4,116
7049,6500,0,2,971,3,14,52
5160,2392,2,1,749,6,3,57
5548,3213,0,1,438,12,19,4
3139,6246,3,2,1276,5,16,52
3681,4350,1,1,733,1,3,6
8314,3181,0,1,533,4,22,47
6369,3800,1,1,688,3,22,11
2328,9500,2,2,1256,6,9,2
263,16500,3,2,2064,5,23,37
6773,10000,2,2,1600,2,32,10
3221,3800,1,1,646,3,24,11
9006,8200,2,1,1220,1,4,109
9030,2850,1,1,565,6,3,114
6766,3950,2,1,900,1,4,59
6068,3750,0,1,686,43,4,8
7615,3920,0,1,475,3,35,6
7645,2850,1,1,480,1,15,103
1669,10500,2,2,1510,5,8,2
6666,3670,1,1,659,10,9,16
1101,14000,3,2,1672,9,6,19
4040,12750,2,2,1690,5,20,2
4655,9855,3,2,2000,1,4,106
357,6995,1,2,1260,3,2,111
5574,1750,1,1,600,5,1,106
4909,2350,0,1,357,1,9,103
9439,3000,0,1,400,3,2,77
6213,4800,2,1,900,2,4,106
7576,3995,1,1,750,4,22,108
2818,3700,1,1,700,4,3,43
7205,4750,2,1,909,2,4,11
5114,5900,1.5,2,1351,1,27,102
4638,2870,1,1,465,1,3,29
2930,2450,0,1,380,4,3,106
2018,2300,0,1,779,2,3,113
10135,4523,2,2,975,7,5,29
5241,2850,0.5,1,618,0,8,87
2846,10000,2,2,1630,1,3,9
3120,20000,4,4,2870,1,27,89
1899,19950,3,3,2366,1,4,85
2292,7850,2,2,1070,1,8,25
5419,5000,4,1,1400,1,5,91
3114,4110,1,1,759,2,2,35
422,9995,2,2,1444,2,37,56
11323,4381,1,1,573,2,31,16
1605,3195,2,1,800,8,5,115
229,4500,1,1,1165,2,4,86
459,2625,1,1,575,6,4,86
6777,3500,0,1,607,1,12,90
1327,11250,2,2,1400,7,6,75
6693,4995,3,2,1500,2,4,91
10796,2500,2,1,800,2,2,111
4926,2990,0,1,575,2,1,115
68,3300,1,1,625,4,3,76
7692,6795,3,2,1500,1,5,101
622,13500,4,2,1992,2,15,32
9298,9995,2,2,1491,43,24,8
9493,4130,2,2,945,10,9,29
2110,3300,1,1,585,2,33,28
10417,17250,3,3,2200,5,2,107
10711,2800,1,1,550,1,4,116
10604,4300,2,1,844,2,9,26
7096,5300,2,1,960,2,22,85
3697,7650,1,1,1100,2,3,116
5483,3700,1,1,650,3,27,31
4371,1950,0,1,325,1,4,106
5243,5995,0,1,960,1,9,180
7683,3950,2,2,1061,3,3,10
7636,3750,1,1,702,2,11,41
3312,13000,2,2,1549,3,15,89
7937,1850,1,1,390,3,3,107
2854,4200,2,1,1200,6,7,91
10538,3950,1,1,750,1,4,52
10376,4885,1,1,853,5,17,44
457,3799,1,1,800,13,19,9
10261,5995,2,2,1160,9,11,15
11048,6000,2,2,1150,2,10,51
3340,6500,1,1,915,2,2,105
9186,11500,5,3,2321,16,7,65
659,8000,2,2,2000,2,3,101
11149,3060,0,1,602,1,8,19
7583,4205,1,1,532,3,7,16
3017,7000,1,2,1600,2,2,116
10957,2895,0,1,506,2,18,41
1310,6795,3,2,1500,1,5,101
9836,6300,2,2,1430,2,31,9
3058,2500,0,1,400,5,2,30
7003,2996,1,0,794,5,15,52
1920,3712,1,2,1201,11,3,108
7354,4200,2,2,1150,2,4,11
6358,2895,0,1,506,2,18,41
7826,6800,2,2,1100,13,43,9
7872,5500,2,1,1100,3,17,88
6433,3600,1,1,650,3,10,28
670,5195,2,2,1100,8,40,29
7306,2450,0,1,450,8,6,18
1565,5900,1,1,1069,5,4,2
6812,2995,1,1,650,12,11,32
5298,3200,1,1,900,12,12,60
6110,5500,1,1,808,1,4,1
567,1425,0,1,400,2,2,87
618,8035,2,2,1369,4,28,33
33,4795,1,1,704,2,40,6
9611,3230,0,1,483,4,12,2
6166,5350,2,2,1062,3,7,15
2302,3500,1,1,800,6,8,36
3535,3060,0,1,469,1,16,19
10125,3050,1,1,531,1,17,104
1126,1800,1,1,670,4,1,116
2102,5995,1,1,718,43,8,8
3125,8000,2,2,1212,8,4,15
95,6900,2,2,1314,6,6,8
3752,9600,2,2,1547,0,5,107
1802,9162,2,2,1665,2,8,106
5064,5995,3,3,1900,3,6,66
6542,4000,1,1,900,2,4,106
6141,3300,1,1,645,3,4,15
2394,2850,0,1,550,10,38,30
4756,3550,2,1,1150,5,2,76
7021,6900,4,2,1600,4,7,33
11131,5493,2,2,1200,3,35,15
1481,3725,0,1,559,6,27,2
2742,7950,1,2,1100,1,4,116
2142,3895,2,1,1000,1,1,96
2033,3800,0,1,659,1,7,52
3837,8500,2,2,1238,6,16,8
9979,15000,3,2,2300,6,22,48
3919,4500,1,1,750,4,4,116
9828,3695,1,1,754,1,33,47
10223,3500,1,1,725,7,17,30
3984,5500,1,1,835,2,7,1
7324,9750,2,2,1518,4,14,10
6419,6755,2,2,1114,2,23,13
2094,4150,1,1,776,4,16,7
7662,5250,1,1,1050,2,39,30
6097,3850,1,2,800,9,8,30
11348,4500,1,1,900,3,38,29
378,2595,0,1,530,2,11,120
1826,4400,1,1,1000,3,15,33
6841,2200,2,1,700,7,1,106
3869,4300,1,1,845,10,20,30
6282,12500,3,3,2021,2,10,86
9495,3375,1,1,619,10,22,29
3975,2995,0,1,463,6,4,106
10084,4000,1,1,606,2,36,6
9630,4625,1,1,704,2,17,8
5494,3775,0,1,483,3,8,11
6952,4110,1,1,609,5,8,9
2107,6500,2,1,1400,10,45,41
7307,5225,2,2,1191,8,22,18
5389,6600,3,2,1039,4,11,37
2653,3620,1,1,658,10,10,16
1985,3125,0,1,625,1,3,19
182,13500,2,2,1193,3,4,65
3735,3400,2,1,800,3,14,89
8195,7150,2,2,1221,3,27,11
9792,2995,0,1,622,5,4,31
3704,3200,1,1,621,3,7,31
10787,3800,1,1,615,2,25,9
3365,4500,1,1,963,10,49,27
9622,7500,2,2,1350,4,6.5,86
1514,3850,2,1,650,3,4,116
1938,5995,1,1,1000,3,4,31
2404,9000,0,1,1800,3,10,113
5198,3420,1,1,591,6,9,113
4781,2095,1,1,425,10,3,106
7582,4210,1,1,532,3,8,16
5686,6675,2,2,988,5,10,9
9679,1699,0,1,250,2,5,96
5188,3475,1,1,651,6,5,14
4718,4500,1,1,816,4,11,9